ward_code,Ward,Borough,Party,Designation,Life_Exp ,Child_Obesity,Incapacity_Benefit,Unemployment_rate,Crime_rate,Deliberate_Fires,GCSE_point,Unauthorised_Absence,dependent_children,Public_Transport,open_space ,Subjective_wellbeing,Rate_of_Ambulance,Median_income
E09000001,City of London,City of London,Conservative,Outer,86.40,28.80,0.80,2.20,14.00,0.30,360.00,0.70,10.00,7.86,-6.50,7.70,140.00,63620.00
E05000026,Abbey,Barking and Dagenham,Labour,Outer,82.00,23.20,1.60,8.90,120.80,1.20,334.00,1.36,25.00,5.99,-0.90,7.80,157.30,33920.00
E05000027,Alibon,Barking and Dagenham,Labour,Outer,79.00,25.60,3.20,10.20,93.20,0.70,323.00,1.49,32.00,3.15,-1.80,7.60,139.80,32470.00
E05000028,Becontree,Barking and Dagenham,Labour,Outer,79.20,28.40,2.30,9.90,104.70,0.40,319.00,1.47,32.00,2.87,-5.50,7.60,130.10,33000.00
E05000029,Chadwell Heath,Barking and Dagenham,Labour,Outer,80.80,28.80,2.60,8.60,83.70,1.90,330.00,1.60,28.00,2.26,2.00,7.60,139.10,33920.00
E05000030,Eastbrook,Barking and Dagenham,Labour,Outer,79.20,24.10,1.90,8.30,61.60,1.10,350.00,1.21,24.00,2.31,5.70,7.60,147.80,37400.00
E05000031,Eastbury,Barking and Dagenham,Labour,Outer,82.00,24.30,2.40,10.20,88.30,1.40,340.00,1.45,28.00,2.73,-8.20,7.80,113.00,32870.00
E05000032,Gascoigne,Barking and Dagenham,Labour,Outer,78.20,26.10,2.80,12.20,109.60,0.70,340.00,1.32,27.00,3.23,-10.00,7.80,136.10,29480.00
E05000033,Goresbrook,Barking and Dagenham,Labour,Outer,80.30,25.80,2.60,9.50,97.80,1.10,345.00,1.16,31.00,2.46,4.80,7.80,136.60,33250.00
E05000034,Heath,Barking and Dagenham,Labour,Outer,78.50,25.40,3.10,11.90,77.10,1.00,338.00,1.12,33.00,2.65,0.40,7.60,188.00,31340.00
E05000035,Longbridge,Barking and Dagenham,Labour,Outer,82.20,22.60,1.40,5.30,73.20,0.70,354.00,0.85,15.00,3.06,-2.20,7.80,118.40,40570.00
E05000036,Mayesbrook,Barking and Dagenham,Labour,Outer,80.00,24.90,3.10,9.30,94.70,1.30,339.00,1.33,28.00,2.50,2.40,7.60,136.30,31530.00
E05000037,Parsloes,Barking and Dagenham,Labour,Outer,79.90,23.30,3.20,9.50,80.70,1.20,340.00,1.18,29.00,2.70,-1.70,7.60,144.30,31860.00
E05000038,River,Barking and Dagenham,Labour,Outer,76.50,31.20,2.40,8.50,62.90,0.70,324.00,1.26,26.00,3.01,2.90,7.60,137.90,33490.00
E05000039,Thames,Barking and Dagenham,Labour,Outer,80.10,24.90,1.70,8.70,74.50,1.70,316.00,1.23,19.00,2.13,-6.30,7.80,140.10,32580.00
E05000040,Valence,Barking and Dagenham,Labour,Outer,78.80,21.50,3.10,9.30,83.80,0.90,335.00,1.58,30.00,3.22,-2.40,7.60,133.70,33200.00
E05000041,Village,Barking and Dagenham,Labour,Outer,78.50,27.80,2.60,11.90,105.70,1.00,316.00,1.45,29.00,2.69,7.90,7.60,155.10,31960.00
E05000042,Whalebone,Barking and Dagenham,Labour,Outer,83.40,24.60,1.60,6.80,90.00,0.60,346.00,1.13,20.00,2.90,-15.20,7.60,128.70,37180.00
E05000043,Brunswick Park,Barnet,Labour,Outer,83.50,15.30,1.60,3.80,57.30,0.30,368.00,0.83,11.00,2.89,0.80,7.40,97.50,39800.00
E05000044,Burnt Oak,Barnet,Labour,Outer,78.80,24.40,2.10,6.80,74.40,0.60,345.00,1.18,22.00,3.59,-7.40,7.30,152.00,29400.00
E05000045,Childs Hill,Barnet,Labour,Outer,81.10,20.10,1.20,6.20,96.50,0.10,365.00,1.12,16.00,4.54,-1.00,7.40,116.00,38960.00
E05000046,Colindale,Barnet,Labour,Outer,83.90,25.10,1.30,4.60,56.40,0.20,337.00,1.34,19.00,2.50,-6.40,7.30,130.90,30170.00
E05000047,Coppetts,Barnet,Labour,Outer,80.60,19.10,1.70,4.70,104.10,0.50,362.00,0.91,17.00,2.90,-2.00,7.40,108.30,38090.00
E05000048,East Barnet,Barnet,Labour,Outer,83.20,21.00,1.50,4.10,58.10,0.20,356.00,0.56,15.00,2.77,4.30,7.40,93.30,39870.00
E05000049,East Finchley,Barnet,Labour,Outer,83.60,16.30,1.70,4.00,55.20,0.20,366.00,0.80,15.00,2.63,-3.40,7.40,102.90,41160.00
E05000050,Edgware,Barnet,Labour,Outer,85.60,20.10,1.30,4.20,69.20,0.90,370.00,1.00,12.00,3.01,-3.80,7.30,116.40,38410.00
E05000051,Finchley Church End,Barnet,Conservative,Outer,86.40,13.20,1.10,3.20,48.40,0.20,387.00,0.77,7.00,2.90,-13.30,7.40,85.70,45030.00
E05000052,Garden Suburb,Barnet,Conservative,Outer,87.10,13.40,0.60,1.90,57.40,0.10,387.00,0.73,5.00,2.72,1.40,7.40,86.60,53090.00
E05000053,Golders Green,Barnet,Labour,Outer,81.60,16.50,1.30,4.60,70.40,0.30,359.00,0.99,9.00,3.40,-8.90,7.40,107.10,40800.00
E05000054,Hale,Barnet,Labour,Outer,83.70,22.10,1.50,4.00,63.50,0.20,353.00,0.93,13.00,2.58,-5.10,7.30,95.70,38590.00
E05000055,Hendon,Barnet,Labour,Outer,82.20,18.50,1.30,4.70,72.50,0.30,365.00,0.99,9.00,2.68,-7.30,7.40,105.70,38530.00
E05000056,High Barnet,Barnet,Labour,Outer,83.10,14.50,1.60,2.70,65.50,0.30,384.00,0.55,7.00,2.67,3.80,7.40,126.80,43940.00
E05000057,Mill Hill,Barnet,Labour,Outer,85.20,19.10,1.20,3.80,68.70,0.40,358.00,1.16,11.00,2.28,3.70,7.30,102.90,41920.00
E05000058,Oakleigh,Barnet,Conservative,Outer,82.70,14.80,1.40,3.50,60.10,0.40,376.00,0.77,12.00,3.26,-7.80,7.40,98.90,41670.00
E05000059,Totteridge,Barnet,Conservative,Outer,84.50,16.30,1.00,2.50,42.30,0.10,381.00,0.67,8.00,2.55,8.00,7.40,108.10,46150.00
E05000060,Underhill,Barnet,Labour,Outer,81.00,17.80,2.40,5.20,60.50,1.00,360.00,1.11,20.00,2.61,4.50,7.40,156.50,37040.00
E05000061,West Finchley,Barnet,Labour,Outer,83.00,16.20,1.30,3.30,62.20,0.30,388.00,0.74,8.00,3.64,-16.10,7.40,106.90,42050.00
E05000062,West Hendon,Barnet,Labour,Outer,83.40,18.00,1.60,5.20,98.20,0.50,378.00,0.92,14.00,3.55,-0.20,7.40,119.50,35090.00
E05000063,Woodhouse,Barnet,Labour,Outer,83.10,19.90,1.90,4.60,78.50,0.30,377.00,0.79,13.00,2.88,-11.50,7.40,145.90,38220.00
E05000064,Barnehurst,Bexley,Conservative,Outer,82.60,23.30,1.10,3.40,54.30,0.40,353.00,0.79,13.00,3.14,-1.70,7.80,126.80,38200.00
E05000065,Belvedere,Bexley,Labour,Outer,82.60,26.90,1.90,6.10,74.70,1.20,337.00,1.02,25.00,2.75,4.50,7.80,122.40,33510.00
E05000066,Blackfen and Lamorbey,Bexley,Conservative,Outer,85.40,19.50,0.90,2.00,41.30,0.10,365.00,0.79,9.00,2.05,-5.00,7.80,84.40,40780.00
E05000067,Blendon and Penhill,Bexley,Conservative,Outer,84.40,17.60,0.80,2.40,47.70,0.10,365.00,0.70,7.00,2.07,1.10,7.80,80.30,40340.00
E05000068,Brampton,Bexley,Conservative,Outer,85.10,20.10,1.40,2.30,44.90,0.40,376.00,0.50,8.00,2.67,-8.50,7.80,96.50,40790.00
E05000069,Christchurch,Bexley,Conservative,Outer,81.60,15.20,1.40,3.20,80.70,0.60,372.00,0.84,13.00,3.42,-2.90,7.80,162.30,40190.00
E05000070,Colyers,Bexley,Conservative,Outer,81.60,26.30,1.80,6.30,55.80,0.50,325.00,1.00,20.00,2.05,-12.00,7.80,111.80,34450.00
E05000071,Crayford,Bexley,Conservative,Outer,81.90,20.10,1.70,4.80,52.20,0.70,342.00,1.23,21.00,2.05,-2.90,7.80,118.00,34900.00
E05000072,Cray Meadows,Bexley,Conservative,Outer,81.90,25.60,2.20,4.10,46.30,0.40,349.00,1.00,23.00,2.32,10.60,7.80,132.70,35530.00
E05000073,Danson Park,Bexley,Conservative,Outer,82.20,21.70,1.10,3.10,66.50,0.20,366.00,0.96,13.00,2.94,5.90,7.80,125.60,38580.00
E05000074,East Wickham,Bexley,Conservative,Outer,83.10,23.40,1.50,4.20,60.00,0.10,360.00,0.93,17.00,2.45,-2.40,7.80,118.10,36260.00
E05000075,Erith,Bexley,Labour,Outer,81.90,27.20,1.80,6.40,74.50,1.50,344.00,1.18,23.00,2.55,6.90,7.80,140.10,33160.00
E05000076,Falconwood and Welling,Bexley,Conservative,Outer,83.20,22.70,0.60,3.00,65.40,0.00,379.00,0.82,9.00,2.38,-9.40,7.80,73.70,39000.00
E05000077,Lesnes Abbey,Bexley,Conservative,Outer,82.90,22.80,1.70,5.30,77.90,0.70,356.00,0.84,18.00,2.78,4.80,7.80,102.00,35630.00
E05000078,Longlands,Bexley,Conservative,Outer,81.80,18.00,1.30,2.80,40.40,0.30,361.00,0.75,9.00,2.65,2.80,7.80,254.70,40880.00
E05000079,North End,Bexley,Labour,Outer,78.70,24.80,2.00,8.60,82.70,2.50,336.00,1.40,30.00,2.59,14.80,7.80,134.40,29930.00
E05000080,Northumberland Heath,Bexley,Conservative,Outer,82.80,23.30,1.50,3.50,61.70,0.50,344.00,0.90,17.00,2.14,-5.90,7.80,91.60,37130.00
E05000081,St Mary's,Bexley,Conservative,Outer,84.90,14.40,1.00,2.00,43.40,0.20,360.00,0.51,6.00,2.63,6.10,7.80,113.60,44010.00
E05000082,St Michael's,Bexley,Conservative,Outer,82.80,23.10,1.00,3.50,41.50,0.30,362.00,0.72,11.00,2.17,-8.60,7.80,71.40,38510.00
E05000083,Sidcup,Bexley,Conservative,Outer,81.60,18.60,0.90,2.00,43.20,0.10,374.00,0.67,9.00,3.22,3.80,7.80,140.70,41220.00
E05000084,Thamesmead East,Bexley,Labour,Outer,79.90,26.20,1.50,9.50,64.30,1.50,340.00,0.95,23.00,2.57,9.90,7.80,93.90,32100.00
E05000085,Alperton,Brent,Labour,Outer,82.50,18.20,1.50,4.60,69.70,0.30,337.00,1.18,14.00,2.97,-7.90,7.40,96.40,31250.00
E05000086,Barnhill,Brent,Labour,Outer,79.40,26.80,2.20,6.80,77.70,0.10,352.00,1.05,22.00,3.01,6.80,7.40,124.50,34630.00
E05000087,Brondesbury Park,Brent,Labour,Outer,84.00,21.20,1.80,5.40,92.70,0.50,344.00,1.05,15.00,3.77,-14.70,7.60,120.50,40020.00
E05000088,Dollis Hill,Brent,Labour,Outer,85.50,22.30,2.10,8.10,63.30,0.10,337.00,1.21,24.00,2.86,0.10,7.60,115.90,30990.00
E05000089,Dudden Hill,Brent,Labour,Outer,84.60,24.30,1.70,9.10,100.90,0.60,335.00,1.00,24.00,3.44,-4.00,7.40,118.00,33470.00
E05000090,Fryent,Brent,Labour,Outer,82.40,17.80,1.40,5.30,67.70,0.10,354.00,0.80,13.00,2.85,8.90,7.40,116.50,35590.00
E05000091,Harlesden,Brent,Labour,Outer,80.50,28.00,2.50,23.50,119.80,0.20,324.00,1.43,28.00,3.84,-14.10,7.40,128.10,27030.00
E05000092,Kensal Green,Brent,Labour,Outer,84.30,25.90,1.80,13.00,115.20,0.40,337.00,1.14,23.00,4.11,-3.70,7.40,120.40,34640.00
E05000093,Kenton,Brent,Labour,Outer,87.30,19.50,1.40,2.60,65.50,0.20,369.00,0.83,7.00,2.74,-2.20,7.40,100.40,42190.00
E05000094,Kilburn,Brent,Labour,Outer,83.10,28.00,2.60,13.00,104.20,0.10,326.00,1.03,26.00,5.50,-13.40,7.60,131.00,34270.00
E05000095,Mapesbury,Brent,Labour,Outer,81.50,21.00,1.60,7.40,99.30,0.30,342.00,1.24,20.00,4.47,-10.20,7.60,116.20,36830.00
E05000096,Northwick Park,Brent,Labour,Outer,82.70,21.00,1.30,3.10,54.10,0.20,364.00,0.74,10.00,2.69,-1.10,7.40,121.80,41100.00
E05000097,Preston,Brent,Labour,Outer,82.70,23.30,1.60,4.90,65.70,0.40,347.00,1.08,17.00,3.41,0.30,7.40,106.80,35960.00
E05000098,Queens Park,Brent,Labour,Outer,83.80,19.90,1.50,6.70,90.60,0.30,349.00,0.86,14.00,5.04,-5.10,7.60,102.00,42880.00
E05000099,Queensbury,Brent,Labour,Outer,82.20,20.70,1.20,4.30,78.60,0.30,364.00,0.77,14.00,3.00,-0.80,7.40,100.70,35110.00
E05000100,Stonebridge,Brent,Labour,Outer,79.30,26.30,2.50,13.70,76.80,0.60,326.00,1.46,33.00,3.19,-12.10,7.40,207.80,25800.00
E05000101,Sudbury,Brent,Labour,Outer,81.40,25.50,1.80,5.90,62.90,0.30,357.00,0.97,14.00,3.30,4.40,7.40,102.50,33530.00
E05000102,Tokyngton,Brent,Labour,Outer,81.00,25.40,1.30,4.90,75.00,0.50,338.00,1.13,13.00,3.46,-6.30,7.40,126.40,33130.00
E05000103,Welsh Harp,Brent,Labour,Outer,82.90,27.20,1.90,7.50,79.60,0.40,336.00,1.25,21.00,2.75,8.60,7.40,116.60,31620.00
E05000104,Wembley Central,Brent,Labour,Outer,83.40,21.10,1.60,6.20,114.40,0.10,359.00,0.96,16.00,4.93,-6.60,7.40,143.60,31040.00
E05000105,Willesden Green,Brent,Labour,Outer,80.40,24.70,2.10,8.70,114.80,0.40,327.00,1.25,23.00,4.63,-0.20,7.60,134.40,31390.00
E05000106,Bickley,Bromley,Conservative,Outer,81.60,11.70,0.90,2.10,45.70,0.30,392.00,0.60,5.00,2.38,-8.40,7.80,128.80,47190.00
E05000107,Biggin Hill,Bromley,Conservative,Outer,84.60,16.00,0.90,2.70,67.70,0.70,351.00,0.96,10.00,1.81,-1.40,8.20,71.80,40930.00
E05000108,Bromley Common and Keston,Bromley,Conservative,Outer,83.30,16.60,1.50,3.80,58.10,0.20,363.00,0.81,14.00,2.32,11.90,8.20,121.90,40510.00
E05000109,Bromley Town,Bromley,Conservative,Outer,81.50,13.00,1.10,3.40,80.70,0.40,387.00,0.64,10.00,3.81,-1.20,7.80,157.80,43460.00
E05000110,Chelsfield and Pratts Bottom,Bromley,Conservative,Outer,85.40,15.10,0.90,2.10,43.80,0.30,372.00,0.76,6.00,2.06,10.10,7.60,86.00,44850.00
E05000111,Chislehurst,Bromley,Conservative,Outer,82.10,14.00,0.80,2.80,72.20,0.30,377.00,0.70,8.00,2.13,6.80,7.80,110.70,46250.00
E05000112,Clock House,Bromley,Conservative,Outer,82.70,18.00,1.20,3.80,69.90,0.20,354.00,0.71,10.00,3.95,-2.90,7.60,99.60,41650.00
E05000113,Copers Cope,Bromley,Conservative,Outer,82.00,12.80,0.80,3.00,84.30,0.10,365.00,0.93,14.00,3.27,-5.00,7.60,107.60,43170.00
E05000114,Cray Valley East,Bromley,Conservative,Outer,81.40,23.40,1.80,5.90,90.00,2.40,343.00,1.66,27.00,2.13,11.50,7.60,129.10,32230.00
E05000115,Cray Valley West,Bromley,Conservative,Outer,81.50,19.60,2.30,6.90,73.10,0.90,341.00,1.35,27.00,2.29,-0.80,7.60,115.20,31740.00
E05000116,Crystal Palace,Bromley,Labour,Outer,79.40,25.80,2.50,7.90,121.00,0.50,344.00,1.36,25.00,4.56,11.60,7.60,131.30,34060.00
E05000117,Darwin,Bromley,Conservative,Outer,82.70,16.40,1.00,1.60,49.70,1.30,353.00,1.17,7.00,1.32,7.20,8.20,118.70,42810.00
E05000118,Farnborough and Crofton,Bromley,Conservative,Outer,85.50,13.70,0.90,2.30,41.60,0.40,363.00,0.74,7.00,2.50,3.70,7.60,139.60,44590.00
E05000119,Hayes and Coney Hall,Bromley,Conservative,Outer,84.20,12.00,0.60,2.40,45.50,0.80,368.00,0.72,5.00,2.35,13.80,8.20,82.50,45660.00
E05000120,Kelsey and Eden Park,Bromley,Conservative,Outer,85.30,16.80,1.10,2.90,76.40,0.40,369.00,0.40,7.00,2.71,4.60,7.60,121.50,44700.00
E05000121,Mottingham and Chislehurst North,Bromley,Conservative,Outer,80.50,22.80,2.30,7.10,124.80,1.40,343.00,1.71,26.00,2.51,5.50,7.80,116.20,32330.00
E05000122,Orpington,Bromley,Conservative,Outer,84.10,19.20,1.50,4.80,83.00,1.10,362.00,0.99,17.00,2.85,-5.50,7.60,135.40,38090.00
E05000123,Penge and Cator,Bromley,Labour,Outer,82.40,21.80,2.20,7.40,100.30,1.00,342.00,1.13,21.00,4.16,4.10,7.60,124.80,36090.00
E05000124,Petts Wood and Knoll,Bromley,Conservative,Outer,85.90,11.10,0.70,2.00,47.00,0.10,390.00,0.67,4.00,2.81,-0.40,7.60,79.60,48530.00
E05000125,Plaistow and Sundridge,Bromley,Conservative,Outer,79.90,15.50,1.90,4.60,67.70,0.30,367.00,0.98,15.00,2.94,0.30,7.80,112.90,39460.00
E05000126,Shortlands,Bromley,Conservative,Outer,87.10,12.50,0.80,1.60,49.30,0.00,389.00,0.30,4.00,2.72,-6.30,7.60,91.20,48020.00
E05000127,West Wickham,Bromley,Conservative,Outer,84.50,12.80,0.60,2.20,37.30,0.10,377.00,0.30,3.00,2.16,-1.90,8.20,91.90,46210.00
E05000128,Belsize,Camden,Conservative,Inner,86.30,20.50,1.40,3.20,71.00,0.60,345.00,0.94,16.00,4.17,-5.20,7.70,85.90,52680.00
E05000129,Bloomsbury,Camden,Labour,Inner,84.00,22.20,1.30,4.20,60.60,0.40,311.00,0.95,10.00,7.98,0.90,7.50,275.80,40340.00
E05000130,Camden Town with Primrose Hill,Camden,Labour,Inner,84.60,16.20,2.60,5.40,199.50,0.50,326.00,0.80,25.00,5.45,2.10,7.70,209.10,45840.00
E05000131,Cantelowes,Camden,Labour,Inner,81.80,19.90,2.90,6.30,113.40,0.70,348.00,0.91,27.00,4.86,-2.00,7.70,120.10,39060.00
E05000132,Fortune Green,Camden,Labour,Inner,85.30,20.40,2.00,4.90,84.40,0.10,347.00,1.06,20.00,4.75,1.20,7.60,98.20,46800.00
E05000133,Frognal and Fitzjohns,Camden,Conservative,Inner,86.50,13.00,0.70,1.70,62.80,0.00,338.00,0.82,5.00,4.85,-7.00,7.60,77.10,60310.00
E05000134,Gospel Oak,Camden,Labour,Inner,83.30,23.50,3.40,6.30,71.90,0.00,330.00,1.00,27.00,4.10,-1.90,7.70,98.30,39990.00
E05000135,Hampstead Town,Camden,Conservative,Inner,87.40,10.30,1.30,1.60,56.20,0.40,363.00,1.13,5.00,4.02,8.90,7.60,121.80,62840.00
E05000136,Haverstock,Camden,Labour,Inner,81.70,29.00,2.80,7.60,96.60,0.20,333.00,1.06,36.00,4.75,-7.40,7.70,142.00,35730.00
E05000137,Highgate,Camden,Labour,Inner,85.10,15.00,2.50,4.90,74.10,0.20,299.00,0.96,19.00,3.93,15.80,7.60,104.80,47840.00
E05000138,Holborn and Covent Garden,Camden,Labour,Inner,84.40,19.30,2.70,6.10,45.90,0.40,330.00,1.09,28.00,7.91,-9.40,7.50,262.80,40180.00
E05000139,Kentish Town,Camden,Labour,Inner,78.60,23.60,2.50,5.70,76.60,0.40,344.00,0.83,27.00,5.65,-0.90,7.70,121.60,41230.00
E05000140,Kilburn,Camden,Labour,Inner,78.50,24.90,3.30,7.80,126.70,0.40,336.00,0.79,37.00,5.54,-5.40,7.60,157.70,34730.00
E05000141,King's Cross,Camden,Labour,Inner,83.80,23.80,2.20,7.50,67.10,0.20,329.00,0.97,23.00,7.78,-2.20,7.50,139.20,32890.00
E05000142,Regent's Park,Camden,Labour,Inner,80.70,27.60,2.40,6.40,51.20,0.60,343.00,0.85,29.00,6.81,6.70,7.50,201.60,34260.00
E05000143,St Pancras and Somers Town,Camden,Labour,Inner,79.60,23.30,3.00,9.80,58.50,0.30,325.00,0.91,40.00,7.07,1.30,7.50,272.90,30500.00
E05000144,Swiss Cottage,Camden,Conservative,Inner,84.60,22.20,1.60,3.00,84.30,0.50,357.00,0.91,15.00,6.17,-0.60,7.60,92.80,50340.00
E05000145,West Hampstead,Camden,Labour,Inner,83.40,19.10,2.30,4.40,99.40,0.60,358.00,1.04,25.00,6.04,0.80,7.60,100.20,46290.00
E05000146,Addiscombe,Croydon,Labour,Outer,80.50,19.10,1.70,5.00,83.60,0.20,348.00,1.39,18.00,4.62,-20.30,7.60,131.10,38070.00
E05000147,Ashburton,Croydon,Conservative,Outer,82.60,25.60,1.50,5.40,70.60,0.70,344.00,1.07,18.00,2.88,5.10,7.30,96.20,38600.00
E05000148,Bensham Manor,Croydon,Labour,Outer,83.00,23.10,1.70,8.40,95.20,0.30,342.00,1.33,21.00,3.27,-10.30,7.50,116.30,33530.00
E05000149,Broad Green,Croydon,Labour,Outer,80.20,27.40,1.90,8.40,135.00,1.40,323.00,1.55,22.00,4.70,-11.20,7.60,149.60,31000.00
E05000150,Coulsdon East,Croydon,Conservative,Outer,84.90,14.80,1.20,3.80,44.80,0.40,356.00,0.94,11.00,1.87,10.70,7.90,101.30,42660.00
E05000151,Coulsdon West,Croydon,Conservative,Outer,81.70,18.10,1.30,2.70,60.90,0.10,379.00,0.69,7.00,2.52,-5.10,7.90,98.50,46610.00
E05000152,Croham,Croydon,Conservative,Outer,81.40,19.90,1.60,4.50,80.60,0.30,345.00,1.23,13.00,3.31,-2.20,7.60,105.00,42260.00
E05000153,Fairfield,Croydon,Conservative,Outer,80.80,23.20,1.30,4.10,116.90,0.60,353.00,1.55,15.00,5.67,-10.50,7.60,260.30,39130.00
E05000154,Fieldway,Croydon,Labour,Outer,80.10,26.70,2.10,10.20,81.80,2.50,323.00,1.92,34.00,2.92,-10.80,7.60,138.80,26720.00
E05000155,Heathfield,Croydon,Conservative,Outer,83.90,14.60,1.10,4.00,92.20,0.40,342.00,1.32,16.00,2.26,8.50,7.60,104.30,39770.00
E05000156,Kenley,Croydon,Conservative,Outer,81.70,15.40,1.10,3.90,51.00,0.20,348.00,1.08,10.00,1.91,0.60,7.90,93.60,44160.00
E05000157,New Addington,Croydon,Labour,Outer,78.80,26.90,2.50,7.90,79.70,1.20,315.00,2.12,29.00,2.69,5.50,7.60,167.90,28770.00
E05000158,Norbury,Croydon,Labour,Outer,81.60,26.40,1.20,6.40,87.30,0.20,344.00,1.14,15.00,3.09,-0.60,7.50,123.20,36810.00
E05000159,Purley,Croydon,Conservative,Outer,83.30,18.30,1.60,4.30,77.50,0.30,381.00,0.92,11.00,2.86,-8.50,7.90,136.40,44600.00
E05000160,Sanderstead,Croydon,Conservative,Outer,84.90,15.90,1.10,2.80,37.80,0.20,361.00,0.80,6.00,1.67,3.20,7.90,86.70,47030.00
E05000161,Selhurst,Croydon,Labour,Outer,77.10,24.70,2.20,9.70,101.00,0.30,329.00,1.63,24.00,4.25,-12.40,7.50,172.90,31220.00
E05000162,Selsdon and Ballards,Croydon,Conservative,Outer,86.40,18.10,0.80,2.80,42.80,0.10,359.00,0.69,8.00,1.98,7.40,7.60,105.30,45320.00
E05000163,Shirley,Croydon,Conservative,Outer,84.30,18.80,1.20,4.70,58.60,0.30,345.00,0.96,17.00,1.97,-8.00,7.60,92.60,39500.00
E05000164,South Norwood,Croydon,Labour,Outer,80.60,23.40,2.00,9.40,101.10,1.10,350.00,1.29,23.00,3.87,-3.20,7.30,131.90,34430.00
E05000165,Thornton Heath,Croydon,Labour,Outer,80.40,26.00,2.00,11.10,94.30,0.30,341.00,1.41,22.00,3.27,-11.50,7.50,125.70,33720.00
E05000166,Upper Norwood,Croydon,Labour,Outer,80.40,24.80,1.80,7.90,86.50,0.30,335.00,1.28,18.00,2.95,0.70,7.30,104.90,37430.00
E05000167,Waddon,Croydon,Labour,Outer,78.10,20.60,2.00,6.40,77.50,0.90,349.00,1.47,23.00,3.63,6.30,7.60,138.30,34630.00
E05000168,West Thornton,Croydon,Labour,Outer,81.00,27.80,1.90,7.70,104.20,0.80,343.00,1.38,19.00,3.13,-5.00,7.50,165.00,32400.00
E05000169,Woodside,Croydon,Labour,Outer,81.80,23.40,1.70,8.20,99.90,0.50,340.00,1.29,25.00,3.70,0.20,7.30,115.00,33890.00
E05000170,Acton Central,Ealing,Labour,Outer,82.60,19.00,1.60,6.80,118.90,0.10,343.00,1.00,21.00,3.14,5.60,7.70,109.30,36500.00
E05000171,Cleveland,Ealing,Conservative,Outer,83.00,18.80,1.90,5.70,62.70,0.20,353.00,0.82,19.00,3.03,4.20,8.00,95.10,41730.00
E05000172,Dormers Wells,Ealing,Labour,Outer,80.60,24.40,2.30,8.80,71.00,0.20,333.00,0.73,21.00,3.34,8.30,8.10,126.20,29350.00
E05000173,Ealing Broadway,Ealing,Conservative,Outer,81.50,14.80,1.30,3.40,108.90,0.10,372.00,0.82,9.00,5.04,-7.70,8.00,135.70,45540.00
E05000174,Ealing Common,Ealing,Conservative,Outer,80.80,19.70,1.50,4.60,93.70,0.20,341.00,1.06,15.00,3.58,6.00,8.00,99.40,43600.00
E05000175,East Acton,Ealing,Labour,Outer,82.30,23.70,1.30,7.60,70.50,0.30,330.00,1.27,27.00,3.98,2.60,7.70,115.20,32930.00
E05000176,Elthorne,Ealing,Labour,Outer,81.10,22.00,2.00,5.60,88.40,0.10,339.00,0.97,18.00,3.82,1.70,8.00,116.00,38970.00
E05000177,Greenford Broadway,Ealing,Labour,Outer,80.10,23.80,2.10,7.30,99.30,0.40,336.00,0.99,23.00,3.39,2.90,7.70,134.70,30500.00
E05000178,Greenford Green,Ealing,Labour,Outer,82.80,22.90,1.30,4.50,72.60,0.10,370.00,0.71,13.00,2.62,4.50,7.70,112.60,35420.00
E05000179,Hanger Hill,Ealing,Conservative,Outer,85.00,17.30,0.90,3.10,66.10,0.10,370.00,0.99,10.00,3.67,-5.80,7.70,87.80,44760.00
E05000180,Hobbayne,Ealing,Labour,Outer,81.60,20.90,2.10,5.50,66.50,0.40,355.00,0.89,20.00,3.11,6.10,8.00,105.60,36220.00
E05000181,Lady Margaret,Ealing,Labour,Outer,80.90,21.20,1.70,6.40,64.40,0.60,358.00,0.81,17.00,3.03,5.60,8.10,113.00,32520.00
E05000182,Northfield,Ealing,Conservative,Outer,83.90,13.50,0.80,2.40,58.20,0.30,385.00,0.32,6.00,3.37,4.40,8.00,96.00,48480.00
E05000183,North Greenford,Ealing,Labour,Outer,84.30,24.00,1.20,3.80,71.10,0.60,359.00,0.94,11.00,2.59,10.40,7.70,80.80,36480.00
E05000184,Northolt Mandeville,Ealing,Labour,Outer,82.80,23.80,1.90,7.30,73.80,0.80,340.00,1.04,23.00,3.19,11.40,7.70,109.50,31950.00
E05000185,Northolt West End,Ealing,Labour,Outer,80.40,20.00,2.60,9.10,97.70,0.50,346.00,1.06,26.00,2.54,8.30,7.70,111.00,28550.00
E05000186,Norwood Green,Ealing,Labour,Outer,79.60,22.50,3.40,10.10,70.70,0.80,337.00,1.14,26.00,2.33,12.50,8.10,169.70,29020.00
E05000187,Perivale,Ealing,Labour,Outer,83.80,23.80,1.60,4.80,80.50,0.10,357.00,0.85,14.00,2.31,5.40,7.70,90.40,36040.00
E05000188,South Acton,Ealing,Labour,Outer,79.20,27.30,1.60,7.20,89.20,0.10,344.00,0.96,25.00,4.58,3.40,7.70,162.40,34300.00
E05000189,Southall Broadway,Ealing,Labour,Outer,80.90,23.60,2.50,8.20,118.60,1.00,338.00,1.13,18.00,3.25,-2.50,8.10,155.60,27930.00
E05000190,Southall Green,Ealing,Labour,Outer,80.00,24.40,2.40,10.40,95.40,0.80,341.00,1.11,20.00,3.04,0.60,8.10,129.50,27150.00
E05000191,Southfield,Ealing,Conservative,Outer,83.00,16.20,0.90,3.00,82.10,0.30,353.00,0.99,11.00,3.08,4.90,7.70,72.60,50170.00
E05000192,Walpole,Ealing,Labour,Outer,81.90,15.60,1.20,3.60,77.70,0.00,372.00,0.46,9.00,3.82,-2.20,8.00,101.60,46240.00
E05000193,Bowes,Enfield,Labour,Outer,84.20,20.20,1.80,6.60,74.30,0.10,343.00,1.15,22.00,3.89,-10.90,7.40,81.90,36300.00
E05000194,Bush Hill Park,Enfield,Conservative,Outer,83.00,23.20,1.50,3.90,69.50,0.40,372.00,0.88,12.00,2.74,0.60,7.40,128.60,41800.00
E05000195,Chase,Enfield,Conservative,Outer,79.50,23.00,2.50,6.40,65.40,0.90,338.00,1.38,22.00,1.95,15.40,7.20,111.00,36350.00
E05000196,Cockfosters,Enfield,Conservative,Outer,84.60,20.20,1.70,3.90,51.00,0.50,364.00,0.86,12.00,2.61,11.40,7.40,119.50,43570.00
E05000197,Edmonton Green,Enfield,Labour,Outer,81.90,30.90,2.90,19.30,107.80,1.00,328.00,2.11,33.00,3.94,3.10,7.40,163.90,26010.00
E05000198,Enfield Highway,Enfield,Labour,Outer,83.00,25.00,2.10,9.90,78.80,1.00,338.00,1.66,32.00,2.53,1.20,7.20,127.80,29450.00
E05000199,Enfield Lock,Enfield,Labour,Outer,79.20,28.00,2.10,10.60,78.30,0.50,334.00,2.24,36.00,2.58,4.30,7.20,113.20,30240.00
E05000200,Grange,Enfield,Conservative,Outer,85.20,13.20,1.10,3.40,70.90,0.50,382.00,0.86,9.00,3.11,-5.30,7.20,116.80,45960.00
E05000201,Haselbury,Enfield,Labour,Outer,82.30,26.10,2.40,10.50,83.40,0.50,330.00,2.13,30.00,3.03,0.20,7.40,103.70,29600.00
E05000202,Highlands,Enfield,Conservative,Outer,84.90,18.80,2.30,3.00,46.80,0.20,358.00,0.91,13.00,2.71,0.70,7.40,163.10,43540.00
E05000203,Jubilee,Enfield,Labour,Outer,80.70,24.10,2.20,9.10,77.50,0.60,330.00,1.53,28.00,2.47,9.80,7.40,119.50,30800.00
E05000204,Lower Edmonton,Enfield,Labour,Outer,81.10,29.50,2.40,11.10,67.50,0.60,326.00,2.16,33.00,3.23,2.60,7.40,117.70,28110.00
E05000205,Palmers Green,Enfield,Labour,Outer,83.40,23.70,1.80,5.50,88.80,0.60,359.00,1.04,15.00,2.54,-4.40,7.40,114.70,37970.00
E05000206,Ponders End,Enfield,Labour,Outer,80.40,30.00,2.10,13.00,81.10,0.70,326.00,1.58,28.00,3.33,6.90,7.40,130.40,28560.00
E05000207,Southbury,Enfield,Labour,Outer,83.00,23.10,2.30,7.90,92.20,0.80,332.00,1.51,26.00,3.07,4.40,7.20,116.60,33260.00
E05000208,Southgate,Enfield,Conservative,Outer,82.60,16.50,1.50,4.20,64.10,0.10,369.00,0.81,14.00,3.14,-3.40,7.40,107.90,41520.00
E05000209,Southgate Green,Enfield,Labour,Outer,83.00,22.30,1.50,4.30,69.30,0.20,369.00,0.90,13.00,3.89,-3.40,7.40,111.80,42750.00
E05000210,Town,Enfield,Conservative,Outer,84.00,20.10,1.50,3.90,52.00,0.30,363.00,0.70,12.00,2.56,-5.50,7.20,120.50,42300.00
E05000211,Turkey Street,Enfield,Labour,Outer,80.30,27.10,2.50,9.50,107.40,0.80,330.00,2.01,33.00,2.49,0.20,7.20,131.10,28960.00
E05000212,Upper Edmonton,Enfield,Labour,Outer,77.50,28.50,2.30,11.70,118.60,1.00,327.00,2.00,29.00,3.40,-1.20,7.40,170.40,28480.00
E05000213,Winchmore Hill,Enfield,Conservative,Outer,82.10,19.70,1.50,3.80,64.70,0.10,375.00,0.71,8.00,2.94,-5.70,7.40,102.60,45880.00
E05000214,Abbey Wood,Greenwich,Labour,Inner,79.10,29.50,2.80,8.70,96.80,0.90,352.00,1.20,26.00,3.07,7.90,7.90,116.80,31540.00
E05000215,Blackheath Westcombe,Greenwich,Labour,Inner,81.60,23.30,1.80,3.30,92.40,0.40,372.00,1.22,12.00,3.43,-2.70,7.70,108.80,49160.00
E05000216,Charlton,Greenwich,Labour,Inner,78.20,27.30,2.70,7.30,68.80,0.70,353.00,1.43,22.00,4.03,1.10,7.70,108.50,37940.00
E05000217,Coldharbour and New Eltham,Greenwich,Conservative,Inner,81.30,22.70,1.90,4.80,61.60,0.50,352.00,0.85,16.00,2.87,-3.90,7.70,116.30,38390.00
E05000218,Eltham North,Greenwich,Conservative,Inner,83.90,14.40,1.20,3.90,71.60,0.10,371.00,0.72,9.00,2.88,-0.90,7.70,99.60,43120.00
E05000219,Eltham South,Greenwich,Conservative,Inner,82.40,25.40,1.60,5.00,74.70,0.40,358.00,1.21,21.00,3.34,5.20,7.70,130.30,37120.00
E05000220,Eltham West,Greenwich,Labour,Inner,79.20,20.60,2.10,6.10,73.00,0.40,349.00,1.55,23.00,3.06,-3.10,7.70,129.40,34250.00
E05000221,Glyndon,Greenwich,Labour,Inner,77.00,24.30,2.00,10.10,68.10,1.50,329.00,1.76,24.00,4.00,1.00,7.90,113.60,31690.00
E05000222,Greenwich West,Greenwich,Labour,Inner,81.10,25.90,1.60,5.20,101.00,0.50,352.00,1.44,20.00,4.60,9.50,7.70,117.90,42270.00
E05000223,Kidbrooke with Hornfair,Greenwich,Labour,Inner,81.40,24.30,2.40,6.90,79.80,0.80,360.00,1.60,25.00,2.55,-1.60,7.70,106.60,35740.00
E05000224,Middle Park and Sutcliffe,Greenwich,Labour,Inner,81.60,24.10,2.80,8.10,84.50,0.70,353.00,1.83,28.00,2.27,-0.30,7.70,113.60,35340.00
E05000225,Peninsula,Greenwich,Labour,Inner,81.40,19.40,1.40,4.20,115.30,0.40,357.00,1.45,15.00,4.53,3.50,7.70,136.80,41840.00
E05000226,Plumstead,Greenwich,Labour,Inner,80.80,27.30,1.80,10.60,80.30,2.20,347.00,1.52,22.00,3.56,1.30,7.90,118.30,32390.00
E05000227,Shooters Hill,Greenwich,Labour,Inner,82.70,23.00,1.80,5.70,58.70,1.10,363.00,1.05,15.00,2.44,7.40,7.70,86.20,39030.00
E05000228,Thamesmead Moorings,Greenwich,Labour,Inner,77.10,28.40,1.50,9.30,74.40,1.10,350.00,1.21,21.00,2.64,2.10,7.90,97.30,34450.00
E05000229,Woolwich Common,Greenwich,Labour,Inner,79.10,23.50,2.30,13.20,81.20,1.20,350.00,1.34,23.00,4.00,2.90,7.90,184.70,30260.00
E05000230,Woolwich Riverside,Greenwich,Labour,Inner,78.10,26.60,2.00,10.40,85.90,0.80,335.00,1.68,26.00,4.50,-7.80,7.90,146.80,33540.00
E05000231,Brownswood,Hackney,Labour,Inner,80.90,30.70,1.90,5.90,127.70,0.10,328.00,1.12,28.00,6.13,-2.20,7.40,133.50,40070.00
E05000232,Cazenove,Hackney,Labour,Inner,85.20,20.60,1.90,9.60,59.90,0.30,346.00,0.81,15.00,4.75,-6.60,7.40,62.50,38130.00
E05000233,Chatham,Hackney,Labour,Inner,80.30,26.00,2.40,13.70,106.20,0.20,335.00,1.02,34.00,5.75,-1.20,7.50,165.20,32510.00
E05000234,Clissold,Hackney,Labour,Inner,80.80,18.90,1.90,5.30,105.50,0.10,360.00,0.69,19.00,3.63,-1.40,7.40,107.60,45450.00
E05000235,Dalston,Hackney,Labour,Inner,80.30,25.10,2.00,11.60,199.80,0.30,334.00,1.30,33.00,5.96,-1.90,7.40,138.40,38230.00
E05000236,De Beauvoir,Hackney,Labour,Inner,78.50,29.10,1.70,9.00,222.90,0.30,341.00,1.41,31.00,4.88,-0.30,7.60,98.00,39060.00
E05000237,Hackney Central,Hackney,Labour,Inner,79.80,26.50,2.40,10.80,105.30,0.10,324.00,1.25,31.00,6.74,-6.20,7.50,149.80,35260.00
E05000238,Hackney Downs,Hackney,Labour,Inner,80.30,25.40,2.60,11.20,103.70,0.10,326.00,1.11,29.00,5.49,-0.50,7.40,95.80,35700.00
E05000239,Haggerston,Hackney,Labour,Inner,80.10,28.80,1.90,10.40,66.50,0.90,332.00,1.24,33.00,5.71,-2.70,7.60,179.90,36080.00
E05000240,Hoxton,Hackney,Labour,Inner,80.50,27.10,2.30,9.10,109.30,0.60,341.00,1.25,35.00,5.83,-0.90,7.60,100.90,34970.00
E05000241,King's Park,Hackney,Labour,Inner,82.00,28.20,3.00,13.30,84.10,0.30,335.00,1.04,34.00,2.85,16.90,7.50,109.80,31970.00
E05000242,Leabridge,Hackney,Labour,Inner,77.30,23.50,2.10,11.30,102.10,0.30,352.00,1.30,29.00,4.30,-3.70,7.40,105.90,35110.00
E05000243,Lordship,Hackney,Labour,Inner,81.20,21.40,2.60,7.10,80.20,0.60,342.00,0.86,15.00,3.67,-0.70,7.40,75.60,39940.00
E05000244,New River,Hackney,Labour,Inner,82.50,26.40,2.10,7.90,65.00,0.40,342.00,1.32,14.00,5.04,-1.20,7.40,109.40,35590.00
E05000245,Queensbridge,Hackney,Labour,Inner,80.90,24.90,2.30,12.50,156.90,0.40,352.00,1.22,29.00,4.78,-2.20,7.60,124.80,36720.00
E05000246,Springfield,Hackney,Labour,Inner,80.80,25.20,3.40,10.60,73.80,0.50,310.00,1.29,20.00,3.24,-2.40,7.40,85.30,33570.00
E05000247,Stoke Newington Central,Hackney,Labour,Inner,82.20,22.30,1.80,8.10,117.10,0.20,355.00,1.12,23.00,5.26,-2.00,7.40,122.20,42400.00
E05000248,Victoria,Hackney,Labour,Inner,79.50,25.40,2.80,12.00,136.70,0.70,329.00,1.21,30.00,4.69,0.10,7.50,120.60,37350.00
E05000249,Wick,Hackney,Labour,Inner,77.80,29.90,3.30,11.80,116.30,0.60,317.00,1.26,37.00,3.95,11.70,7.50,125.80,32890.00
E05000250,Addison,Hammersmith and Fulham,Conservative,Inner,82.50,23.80,1.90,4.40,117.10,0.10,331.00,1.14,19.00,6.53,-9.90,7.90,100.30,43970.00
E05000251,Askew,Hammersmith and Fulham,Labour,Inner,82.10,23.50,2.40,6.50,102.90,0.40,342.00,1.59,21.00,3.60,-5.60,7.90,109.20,38450.00
E05000252,Avonmore and Brook Green,Hammersmith and Fulham,Conservative,Inner,82.20,23.50,1.70,4.40,49.10,0.10,376.00,1.09,13.00,6.04,-9.70,7.90,96.30,43350.00
E05000253,College Park and Old Oak,Hammersmith and Fulham,Labour,Inner,79.20,23.00,2.30,7.90,50.40,0.70,319.00,1.28,33.00,4.89,6.40,7.90,168.20,30890.00
E05000254,Fulham Broadway,Hammersmith and Fulham,Conservative,Inner,79.40,20.80,1.80,4.60,109.70,0.00,351.00,1.18,21.00,5.38,-4.50,7.70,152.80,42130.00
E05000255,Fulham Reach,Hammersmith and Fulham,Conservative,Inner,81.10,24.50,1.70,3.70,72.80,0.20,355.00,1.14,19.00,4.18,1.30,7.70,122.20,42010.00
E05000256,Hammersmith Broadway,Hammersmith and Fulham,Labour,Inner,78.90,21.60,2.50,5.50,90.00,0.20,338.00,1.34,23.00,5.97,-7.70,7.70,213.80,39500.00
E05000257,Munster,Hammersmith and Fulham,Conservative,Inner,82.80,18.30,1.30,2.60,77.90,0.00,333.00,0.89,10.00,3.70,-5.90,7.70,77.70,50240.00
E05000258,North End,Hammersmith and Fulham,Conservative,Inner,80.40,26.50,1.80,4.70,74.20,0.20,362.00,1.28,26.00,5.24,-1.40,7.70,106.10,39510.00
E05000259,Palace Riverside,Hammersmith and Fulham,Conservative,Inner,84.40,10.50,0.90,1.70,75.60,0.10,370.00,0.93,6.00,3.73,13.50,7.70,100.50,53330.00
E05000260,Parsons Green and Walham,Hammersmith and Fulham,Conservative,Inner,83.10,27.00,1.30,2.70,101.70,0.20,354.00,1.22,10.00,4.67,4.10,7.70,97.50,55720.00
E05000261,Ravenscourt Park,Hammersmith and Fulham,Conservative,Inner,79.50,16.40,2.10,3.20,98.70,0.20,361.00,1.13,18.00,4.04,-4.20,7.90,139.90,45510.00
E05000262,Sands End,Hammersmith and Fulham,Conservative,Inner,82.40,26.50,1.40,4.10,61.90,0.10,351.00,1.19,23.00,3.40,1.60,7.70,99.10,44170.00
E05000263,Shepherd's Bush Green,Hammersmith and Fulham,Labour,Inner,79.80,21.00,2.50,7.60,145.50,0.20,354.00,1.02,24.00,5.57,2.80,7.90,199.30,36430.00
E05000264,Town,Hammersmith and Fulham,Conservative,Inner,84.30,24.30,1.20,3.70,87.40,0.00,331.00,1.35,17.00,4.63,-7.70,7.70,83.90,47940.00
E05000265,Wormholt and White City,Hammersmith and Fulham,Labour,Inner,82.60,28.20,2.80,9.70,94.60,0.20,323.00,1.34,35.00,3.24,1.90,7.90,107.00,31860.00
E05000266,Alexandra,Haringey,Labour,Outer,83.50,10.30,0.80,3.40,94.80,0.00,385.00,0.56,8.00,3.26,8.30,7.50,76.10,51450.00
E05000267,Bounds Green,Haringey,Labour,Outer,81.30,22.60,2.10,8.20,103.60,0.10,339.00,1.41,23.00,4.91,3.70,7.50,146.10,34550.00
E05000268,Bruce Grove,Haringey,Labour,Outer,81.00,27.90,2.70,14.70,102.00,0.10,326.00,1.88,29.00,4.49,-4.20,7.40,128.60,30340.00
E05000269,Crouch End,Haringey,Labour,Outer,84.70,9.80,0.90,3.10,84.10,0.00,367.00,0.74,5.00,3.38,-2.30,7.50,93.70,52070.00
E05000270,Fortis Green,Haringey,Labour,Outer,82.60,10.90,1.20,3.20,80.30,0.20,383.00,0.77,9.00,3.12,4.80,7.50,98.10,49950.00
E05000271,Harringay,Haringey,Labour,Outer,82.50,28.80,1.90,8.90,145.00,0.10,343.00,1.48,21.00,5.34,7.20,7.50,118.60,37150.00
E05000272,Highgate,Haringey,Labour,Outer,85.10,17.40,1.00,3.30,73.80,0.20,335.00,1.29,7.00,3.96,5.10,7.50,85.40,53710.00
E05000273,Hornsey,Haringey,Labour,Outer,82.70,17.70,2.20,8.40,78.10,0.20,338.00,1.12,23.00,3.35,-3.40,7.50,104.20,40260.00
E05000274,Muswell Hill,Haringey,Labour,Outer,84.80,8.80,0.90,3.00,85.50,0.20,388.00,0.80,6.00,3.24,4.00,7.50,100.10,53910.00
E05000275,Noel Park,Haringey,Labour,Outer,81.10,29.80,2.70,11.60,176.50,0.40,324.00,1.93,30.00,6.06,-3.40,7.50,175.70,30620.00
E05000276,Northumberland Park,Haringey,Labour,Outer,80.10,30.10,3.50,20.60,103.70,0.50,327.00,1.45,35.00,4.14,-0.40,7.50,173.10,25090.00
E05000277,St Ann's,Haringey,Labour,Outer,81.20,21.90,1.90,11.10,84.60,0.30,338.00,1.86,25.00,3.93,2.50,7.50,126.50,32460.00
E05000278,Seven Sisters,Haringey,Labour,Outer,82.10,26.50,2.40,10.10,85.40,0.20,340.00,1.42,19.00,4.68,3.60,7.40,99.80,33500.00
E05000279,Stroud Green,Haringey,Labour,Outer,81.10,18.40,1.70,5.50,91.20,0.40,365.00,1.22,17.00,4.59,-0.10,7.50,91.90,44780.00
E05000280,Tottenham Green,Haringey,Labour,Outer,78.80,28.10,2.80,12.20,130.40,0.10,318.00,1.62,27.00,5.84,-1.70,7.40,184.20,28920.00
E05000281,Tottenham Hale,Haringey,Labour,Outer,81.00,29.00,2.40,11.50,100.30,0.20,328.00,1.50,34.00,4.66,2.90,7.40,139.30,27340.00
E05000282,West Green,Haringey,Labour,Outer,82.70,26.10,2.70,11.70,85.10,0.40,332.00,1.39,29.00,4.06,9.30,7.40,122.30,31110.00
E05000283,White Hart Lane,Haringey,Labour,Outer,80.00,28.50,3.10,14.30,92.80,1.10,335.00,1.73,32.00,3.30,2.00,7.50,126.90,27010.00
E05000284,Woodside,Haringey,Labour,Outer,81.60,21.90,2.40,8.90,70.50,0.60,340.00,1.68,25.00,4.67,6.40,7.50,139.00,32010.00
E05000285,Belmont,Harrow,Conservative,Outer,85.40,17.00,1.00,2.90,53.60,0.00,370.00,0.58,9.00,1.96,-15.20,7.50,66.60,42380.00
E05000286,Canons,Harrow,Conservative,Outer,83.80,18.30,1.00,3.10,48.60,0.20,355.00,0.71,9.00,2.67,5.10,7.50,126.20,39890.00
E05000287,Edgware,Harrow,Labour,Outer,84.50,21.70,1.40,4.40,71.30,0.00,358.00,0.75,13.00,2.89,-9.20,7.50,97.10,33600.00
E05000288,Greenhill,Harrow,Labour,Outer,81.70,20.00,2.00,5.10,91.70,0.40,329.00,1.04,16.00,4.56,-9.00,7.40,175.70,37550.00
E05000289,Harrow on the Hill,Harrow,Labour,Outer,83.50,19.80,1.40,3.50,58.10,0.20,350.00,0.81,10.00,3.15,-5.30,7.40,105.10,39630.00
E05000290,Harrow Weald,Harrow,Conservative,Outer,82.70,19.70,1.60,4.70,64.20,0.80,361.00,1.20,18.00,2.78,-3.70,7.40,113.50,36940.00
E05000291,Hatch End,Harrow,Conservative,Outer,84.50,20.30,1.10,2.20,50.20,0.40,371.00,0.80,10.00,2.26,-14.20,7.40,98.40,42350.00
E05000292,Headstone North,Harrow,Conservative,Outer,86.40,20.70,1.00,2.40,54.90,0.20,369.00,0.53,6.00,2.71,-0.50,7.40,81.10,44470.00
E05000293,Headstone South,Harrow,Labour,Outer,83.80,20.10,1.40,3.70,52.60,0.30,365.00,0.61,11.00,3.11,-6.20,7.40,72.90,39090.00
E05000294,Kenton East,Harrow,Labour,Outer,84.10,21.80,1.60,3.80,47.60,0.30,351.00,0.71,13.00,2.54,-8.30,7.50,78.50,32880.00
E05000295,Kenton West,Harrow,Labour,Outer,83.80,19.90,1.20,3.00,52.10,0.30,350.00,0.66,9.00,2.93,-11.50,7.50,80.20,38400.00
E05000296,Marlborough,Harrow,Labour,Outer,83.20,19.00,1.60,6.10,66.10,0.50,352.00,0.94,19.00,3.85,-10.60,7.40,107.40,34450.00
E05000297,Pinner,Harrow,Conservative,Outer,85.20,15.10,1.80,2.80,53.30,0.30,351.00,0.82,10.00,1.84,-12.70,7.40,116.70,43950.00
E05000298,Pinner South,Harrow,Conservative,Outer,88.50,17.60,0.90,1.90,36.60,0.10,379.00,0.30,6.00,2.17,-5.30,7.40,79.90,49420.00
E05000299,Queensbury,Harrow,Labour,Outer,82.60,21.30,1.40,3.20,49.70,0.00,367.00,0.61,14.00,2.64,-9.90,7.50,80.90,35030.00
E05000300,Rayners Lane,Harrow,Labour,Outer,84.40,16.00,1.20,3.00,49.90,0.30,379.00,0.76,8.00,3.18,-10.20,7.40,74.60,40310.00
E05000301,Roxbourne,Harrow,Labour,Outer,83.40,22.30,2.20,5.30,62.30,0.50,351.00,0.94,19.00,3.03,-10.10,7.40,108.20,32130.00
E05000302,Roxeth,Harrow,Labour,Outer,83.00,21.40,1.30,4.90,82.80,0.20,352.00,0.76,13.00,3.01,-5.80,7.40,95.70,35110.00
E05000303,Stanmore Park,Harrow,Conservative,Outer,84.60,14.40,2.10,3.00,57.60,0.50,353.00,0.98,16.00,2.08,-6.50,7.50,118.70,39210.00
E05000304,Wealdstone,Harrow,Labour,Outer,80.90,19.80,1.60,6.60,69.10,0.00,335.00,1.19,19.00,3.30,-22.30,7.40,111.70,32080.00
E05000305,West Harrow,Harrow,Labour,Outer,84.40,19.90,1.30,4.00,41.50,0.20,361.00,0.73,13.00,3.16,-7.30,7.40,89.30,40210.00
E05000306,Brooklands,Havering,Conservative,Outer,79.10,24.00,1.80,4.90,62.30,0.20,327.00,1.02,20.00,2.90,-4.50,7.90,164.70,35250.00
E05000307,Cranham,Havering,Conservative,Outer,85.60,17.00,0.90,2.60,37.10,0.30,354.00,0.58,8.00,2.29,5.20,7.70,119.70,42250.00
E05000308,Elm Park,Havering,Conservative,Outer,82.10,21.00,1.50,5.20,62.40,0.20,327.00,1.15,19.00,2.62,6.60,7.70,121.40,34730.00
E05000309,Emerson Park,Havering,Conservative,Outer,81.50,18.30,1.20,2.30,55.60,0.20,369.00,0.50,7.00,1.96,-11.60,7.90,93.50,43790.00
E05000310,Gooshays,Havering,Labour,Outer,79.00,25.50,3.80,8.80,97.00,2.10,318.00,1.55,28.00,2.59,12.90,7.70,159.80,29400.00
E05000311,Hacton,Havering,Conservative,Outer,82.70,15.10,1.20,3.10,49.10,0.20,345.00,0.52,8.00,2.37,-5.10,7.70,99.70,39740.00
E05000312,Harold Wood,Havering,Conservative,Outer,81.60,17.70,2.20,4.80,61.00,0.70,356.00,0.91,14.00,2.41,1.80,7.70,157.30,37010.00
E05000313,Havering Park,Havering,Conservative,Outer,79.20,19.60,2.40,6.20,59.60,0.60,323.00,1.45,25.00,2.09,12.50,7.70,123.20,33590.00
E05000314,Heaton,Havering,Labour,Outer,78.90,25.60,3.60,8.90,83.90,1.60,324.00,1.40,29.00,2.11,-0.10,7.70,137.70,29560.00
E05000315,Hylands,Havering,Conservative,Outer,84.70,14.70,1.20,3.20,69.50,0.50,346.00,0.65,9.00,2.09,-7.30,7.90,95.30,39890.00
E05000316,Mawneys,Havering,Conservative,Outer,84.00,19.90,1.90,4.70,57.50,0.20,336.00,1.08,18.00,2.47,-2.90,7.70,105.50,35820.00
E05000317,Pettits,Havering,Conservative,Outer,82.70,12.40,1.50,3.10,51.70,0.40,357.00,0.65,11.00,2.21,1.50,7.70,112.70,40010.00
E05000318,Rainham and Wennington,Havering,Conservative,Outer,82.30,24.30,1.90,5.20,81.70,1.00,319.00,0.85,18.00,2.01,4.00,7.70,125.80,34470.00
E05000319,Romford Town,Havering,Conservative,Outer,82.60,20.70,1.70,5.10,109.70,0.60,332.00,0.83,18.00,4.21,-14.20,7.90,216.60,37160.00
E05000320,St Andrew's,Havering,Conservative,Outer,82.10,17.60,1.70,3.60,66.40,0.70,355.00,0.65,12.00,3.20,-10.00,7.90,136.80,38130.00
E05000321,South Hornchurch,Havering,Labour,Outer,80.20,23.80,1.80,7.20,77.50,1.10,323.00,1.02,19.00,2.48,8.30,7.70,119.80,33160.00
E05000322,Squirrel's Heath,Havering,Conservative,Outer,82.80,19.50,1.30,3.90,58.20,0.50,357.00,0.61,12.00,2.60,-16.80,7.90,106.60,41740.00
E05000323,Upminster,Havering,Conservative,Outer,82.50,13.10,0.90,1.60,52.50,0.90,374.00,0.42,4.00,1.94,2.50,7.70,114.50,47580.00
E05000324,Barnhill,Hillingdon,Labour,Outer,80.80,27.20,2.00,6.10,96.80,0.50,356.00,1.13,20.00,2.43,2.00,7.20,113.90,31800.00
E05000325,Botwell,Hillingdon,Labour,Outer,78.10,23.80,2.10,7.50,66.60,1.70,344.00,1.20,21.00,3.05,1.30,7.20,125.80,30700.00
E05000326,Brunel,Hillingdon,Conservative,Outer,80.30,20.50,1.60,3.20,65.00,0.60,342.00,1.29,17.00,2.43,-1.60,7.50,169.10,34630.00
E05000327,Cavendish,Hillingdon,Conservative,Outer,83.50,17.00,0.90,2.30,38.00,0.30,369.00,0.43,8.00,2.10,-6.00,7.70,94.10,43970.00
E05000328,Charville,Hillingdon,Labour,Outer,81.40,22.90,1.20,4.00,65.80,0.30,351.00,0.91,15.00,2.40,6.40,7.20,107.60,35410.00
E05000329,Eastcote and East Ruislip,Hillingdon,Conservative,Outer,86.20,12.90,1.00,2.00,51.30,0.20,369.00,0.39,8.00,1.69,5.40,7.70,88.60,47380.00
E05000330,Harefield,Hillingdon,Conservative,Outer,80.10,20.90,2.50,2.90,54.40,2.40,342.00,0.99,15.00,1.44,7.10,7.70,137.20,37990.00
E05000331,Heathrow Villages,Hillingdon,Labour,Outer,81.00,24.90,1.10,3.80,52.00,1.30,336.00,1.29,19.00,2.60,-3.40,7.70,716.70,33170.00
E05000332,Hillingdon East,Hillingdon,Conservative,Outer,80.90,19.60,1.40,4.30,69.30,0.50,357.00,0.69,14.00,1.68,6.00,7.50,102.40,37250.00
E05000333,Ickenham,Hillingdon,Conservative,Outer,85.00,15.80,0.80,1.50,40.90,0.60,374.00,0.30,5.00,2.07,6.50,7.70,92.10,48770.00
E05000334,Manor,Hillingdon,Conservative,Outer,83.40,13.90,0.80,2.00,55.80,0.20,365.00,0.47,10.00,2.88,-5.60,7.70,99.20,43460.00
E05000335,Northwood,Hillingdon,Conservative,Outer,83.80,14.00,1.20,2.40,50.50,0.10,360.00,0.73,7.00,2.24,7.10,7.70,161.90,46550.00
E05000336,Northwood Hills,Hillingdon,Conservative,Outer,83.80,17.70,1.50,2.60,48.60,0.40,358.00,0.61,11.00,2.04,3.70,7.70,116.30,43320.00
E05000337,Pinkwell,Hillingdon,Labour,Outer,82.40,23.10,1.70,6.20,78.80,0.80,342.00,1.25,19.00,2.70,-2.90,7.70,106.60,31830.00
E05000338,South Ruislip,Hillingdon,Conservative,Outer,81.50,18.20,1.00,3.50,49.30,0.70,349.00,0.73,12.00,2.54,10.20,7.70,93.30,40060.00
E05000339,Townfield,Hillingdon,Labour,Outer,79.60,23.60,2.20,7.70,121.30,0.70,336.00,1.16,25.00,3.05,2.10,7.20,150.90,30430.00
E05000340,Uxbridge North,Hillingdon,Conservative,Outer,82.80,17.90,1.30,2.80,76.20,0.50,351.00,0.75,12.00,2.35,0.80,7.50,170.20,41470.00
E05000341,Uxbridge South,Hillingdon,Conservative,Outer,80.90,17.10,1.40,3.80,48.40,0.70,350.00,1.07,18.00,2.50,-6.00,7.50,132.00,34270.00
E05000342,West Drayton,Hillingdon,Conservative,Outer,79.10,23.60,2.30,5.20,92.30,1.40,321.00,1.64,27.00,2.41,-9.40,7.70,131.60,32680.00
E05000343,West Ruislip,Hillingdon,Conservative,Outer,81.90,10.80,1.20,1.90,71.80,0.00,344.00,0.58,8.00,2.16,3.60,7.70,150.40,43470.00
E05000344,Yeading,Hillingdon,Labour,Outer,81.40,23.40,2.10,5.90,100.40,0.50,345.00,1.16,21.00,1.91,2.10,7.20,93.10,33240.00
E05000345,Yiewsley,Hillingdon,Labour,Outer,81.30,22.90,2.10,5.10,79.40,1.50,308.00,1.49,24.00,2.55,-2.90,7.70,130.70,32340.00
E05000346,Bedfont,Hounslow,Labour,Outer,79.50,24.60,1.60,5.50,56.00,1.60,336.00,1.45,22.00,2.13,5.80,7.50,128.00,31870.00
E05000347,Brentford,Hounslow,Labour,Outer,82.60,23.50,2.00,4.00,63.50,0.80,346.00,0.96,23.00,3.22,6.00,7.70,131.40,35040.00
E05000348,Chiswick Homefields,Hounslow,Conservative,Outer,83.00,20.30,0.80,2.20,78.40,0.70,382.00,0.55,9.00,3.62,10.40,7.70,102.80,51830.00
E05000349,Chiswick Riverside,Hounslow,Conservative,Outer,84.70,16.70,1.10,2.70,96.50,0.20,361.00,0.64,10.00,2.84,3.70,7.70,83.10,49680.00
E05000350,Cranford,Hounslow,Labour,Outer,81.50,25.80,2.00,6.00,72.90,0.30,351.00,1.26,23.00,2.42,-2.10,7.50,124.50,30860.00
E05000351,Feltham North,Hounslow,Labour,Outer,77.30,27.50,1.60,4.50,54.40,0.30,343.00,1.27,21.00,2.92,5.20,7.50,142.20,32850.00
E05000352,Feltham West,Hounslow,Labour,Outer,82.40,25.60,1.30,4.40,83.50,1.70,331.00,1.34,19.00,2.42,2.50,7.50,113.80,34010.00
E05000353,Hanworth,Hounslow,Labour,Outer,82.10,26.60,2.30,6.50,86.80,1.00,331.00,1.48,26.00,2.60,7.50,7.50,113.30,31150.00
E05000354,Hanworth Park,Hounslow,Conservative,Outer,81.30,25.40,1.60,3.80,64.30,1.10,325.00,1.12,18.00,2.58,6.70,7.50,118.20,34340.00
E05000355,Heston Central,Hounslow,Labour,Outer,80.70,27.20,1.90,4.60,73.90,0.60,345.00,1.28,16.00,2.89,0.40,7.50,115.20,33580.00
E05000356,Heston East,Hounslow,Labour,Outer,83.40,23.50,1.30,4.40,64.30,0.50,356.00,1.03,19.00,2.32,6.10,7.50,100.30,34030.00
E05000357,Heston West,Hounslow,Labour,Outer,81.60,26.70,2.00,7.00,83.40,0.90,347.00,1.17,22.00,2.34,4.00,7.50,130.70,29490.00
E05000358,Hounslow Central,Hounslow,Labour,Outer,83.00,20.40,1.40,3.90,155.50,0.30,362.00,1.12,12.00,5.11,1.50,7.50,156.30,35830.00
E05000359,Hounslow Heath,Hounslow,Labour,Outer,83.20,25.60,1.30,5.60,80.80,0.70,348.00,1.35,18.00,3.21,3.60,7.50,121.70,32530.00
E05000360,Hounslow South,Hounslow,Labour,Outer,85.40,19.80,1.10,3.00,62.60,0.40,380.00,1.12,8.00,2.51,-4.80,7.50,86.80,39920.00
E05000361,Hounslow West,Hounslow,Labour,Outer,78.90,23.70,1.80,4.60,97.70,0.40,356.00,1.20,16.00,3.89,-4.80,7.50,136.90,31890.00
E05000362,Isleworth,Hounslow,Labour,Outer,81.10,20.60,2.40,4.50,70.90,0.20,354.00,1.20,23.00,2.39,1.40,7.50,128.80,34790.00
E05000363,Osterley and Spring Grove,Hounslow,Conservative,Outer,83.10,14.70,0.90,2.90,50.20,0.40,374.00,0.94,9.00,2.76,8.80,7.50,107.10,42140.00
E05000364,Syon,Hounslow,Labour,Outer,78.00,22.60,2.10,4.10,68.00,0.00,352.00,1.06,20.00,3.64,6.60,7.70,161.00,37040.00
E05000365,Turnham Green,Hounslow,Conservative,Outer,83.90,13.50,1.10,2.70,58.10,0.40,373.00,0.96,12.00,4.40,-1.60,7.70,153.00,47080.00
E05000366,Barnsbury,Islington,Labour,Inner,79.00,22.80,2.20,4.80,128.00,0.20,340.00,1.41,27.00,5.69,-7.70,7.60,144.30,44970.00
E05000367,Bunhill,Islington,Labour,Inner,81.10,23.00,1.60,6.30,40.80,1.10,333.00,1.27,37.00,7.09,-12.80,7.50,171.50,39200.00
E05000368,Caledonian,Islington,Labour,Inner,80.40,25.20,2.60,6.10,80.40,1.00,334.00,1.56,34.00,5.28,-9.70,7.60,157.50,35840.00
E05000369,Canonbury,Islington,Labour,Inner,82.60,24.40,2.60,6.50,116.30,0.20,333.00,1.84,31.00,6.48,1.70,7.50,111.20,40590.00
E05000370,Clerkenwell,Islington,Labour,Inner,83.90,22.10,2.00,5.10,51.80,0.20,336.00,1.56,31.00,6.90,-13.70,7.50,148.10,43350.00
E05000371,Finsbury Park,Islington,Labour,Inner,78.00,25.90,2.90,9.30,153.50,0.40,339.00,1.27,35.00,6.58,-1.40,7.80,190.70,33620.00
E05000372,Highbury East,Islington,Labour,Inner,82.30,14.70,1.80,4.40,120.50,0.20,348.00,1.05,19.00,4.66,1.80,7.80,115.50,47810.00
E05000373,Highbury West,Islington,Labour,Inner,80.70,19.00,1.90,5.90,70.60,0.30,359.00,0.87,27.00,5.68,0.70,7.80,114.50,43800.00
E05000374,Hillrise,Islington,Labour,Inner,80.10,19.10,2.80,7.40,92.30,0.50,342.00,1.33,30.00,4.21,3.40,7.40,114.20,39090.00
E05000375,Holloway,Islington,Labour,Inner,80.20,24.30,2.80,6.50,99.70,0.60,345.00,1.60,32.00,5.94,1.00,7.60,119.60,35430.00
E05000376,Junction,Islington,Labour,Inner,78.40,15.70,2.80,6.60,90.70,0.40,341.00,1.27,25.00,5.97,3.60,7.40,189.70,39470.00
E05000377,Mildmay,Islington,Labour,Inner,81.10,21.70,2.70,6.80,124.70,0.20,337.00,1.12,34.00,6.07,-6.70,7.80,125.40,39300.00
E05000378,St George's,Islington,Labour,Inner,81.40,27.30,2.60,7.00,98.00,0.20,358.00,1.20,24.00,4.55,0.30,7.40,144.50,40860.00
E05000379,St Mary's,Islington,Labour,Inner,80.80,21.20,2.20,5.20,158.10,0.30,342.00,1.43,29.00,6.75,3.00,7.60,166.10,46190.00
E05000380,St Peter's,Islington,Labour,Inner,78.40,21.90,2.30,5.50,113.10,0.60,325.00,1.58,33.00,5.33,-3.50,7.50,139.10,43870.00
E05000381,Tollington,Islington,Labour,Inner,81.40,21.20,2.90,7.60,107.80,0.70,346.00,1.15,30.00,4.52,4.10,7.40,121.50,38090.00
E05000382,Abingdon,R B of Kensington and Chelsea,Conservative,Inner,85.70,22.20,1.10,2.80,71.60,0.10,405.00,1.28,7.00,6.50,2.80,7.80,99.90,54690.00
E05000383,Brompton,R B of Kensington and Chelsea,Conservative,Inner,86.00,21.80,0.40,1.60,59.90,0.00,373.00,0.89,6.00,6.80,3.80,7.80,156.90,64320.00
E05000384,Campden,R B of Kensington and Chelsea,Conservative,Inner,88.10,21.80,0.60,1.30,83.00,0.00,396.00,0.46,3.00,6.83,7.90,7.80,108.80,65500.00
E05000385,Colville,R B of Kensington and Chelsea,Labour,Inner,82.80,27.10,2.80,6.10,177.30,0.00,356.00,1.28,22.00,5.38,6.10,7.80,162.60,43560.00
E05000386,Courtfield,R B of Kensington and Chelsea,Conservative,Inner,88.50,21.80,0.70,2.70,111.70,0.00,363.00,0.59,2.00,6.88,4.90,7.80,76.30,61810.00
E05000387,Cremorne,R B of Kensington and Chelsea,Conservative,Inner,84.70,24.00,3.20,4.80,81.20,0.00,376.00,1.48,23.00,4.75,8.30,7.80,145.30,43920.00
E05000388,Earl's Court,R B of Kensington and Chelsea,Conservative,Inner,82.20,19.40,2.10,5.00,120.80,0.20,385.00,0.94,14.00,7.00,-1.50,7.80,145.80,44100.00
E05000389,Golborne,R B of Kensington and Chelsea,Labour,Inner,80.20,23.80,3.60,11.90,102.60,0.20,338.00,1.33,32.00,4.47,12.60,7.80,190.40,30100.00
E05000390,Hans Town,R B of Kensington and Chelsea,Conservative,Inner,86.60,12.30,1.00,2.20,125.60,0.00,323.00,0.83,9.00,6.57,4.50,7.80,96.00,58100.00
E05000391,Holland,R B of Kensington and Chelsea,Conservative,Inner,89.80,16.20,1.00,2.80,75.00,0.00,386.00,1.35,8.00,5.97,9.00,7.80,74.40,54770.00
E05000392,Norland,R B of Kensington and Chelsea,Conservative,Inner,84.70,30.10,2.20,5.00,78.70,0.00,352.00,0.98,16.00,5.41,7.30,7.80,128.80,53430.00
E05000393,Notting Barns,R B of Kensington and Chelsea,Labour,Inner,81.40,18.70,3.10,8.90,90.90,0.50,356.00,1.08,31.00,4.16,5.70,7.80,125.60,36690.00
E05000394,Pembridge,R B of Kensington and Chelsea,Conservative,Inner,84.20,19.60,1.00,2.80,172.50,0.10,430.00,0.53,5.00,6.97,0.00,7.80,134.20,55710.00
E05000395,Queen's Gate,R B of Kensington and Chelsea,Conservative,Inner,88.50,21.80,0.20,1.60,54.80,0.10,341.00,0.64,3.00,6.04,4.30,7.80,84.30,63630.00
E05000396,Redcliffe,R B of Kensington and Chelsea,Conservative,Inner,86.60,17.00,1.10,2.80,103.50,0.00,350.00,1.00,5.00,6.17,8.90,7.80,71.50,54550.00
E05000397,Royal Hospital,R B of Kensington and Chelsea,Conservative,Inner,82.90,21.80,1.20,1.90,94.60,0.00,358.00,1.53,7.00,5.02,14.90,7.80,124.30,60600.00
E05000398,St Charles,R B of Kensington and Chelsea,Labour,Inner,78.30,23.30,3.10,8.90,102.40,0.20,337.00,1.57,30.00,3.77,9.20,7.80,210.20,36100.00
E05000399,Stanley,R B of Kensington and Chelsea,Conservative,Inner,83.50,19.00,1.00,2.10,51.10,0.00,346.00,1.12,7.00,5.62,1.50,7.80,175.00,54990.00
E05000400,Alexandra,R B of Kingston upon Thames,Conservative,Inner,85.20,16.90,0.60,2.10,43.90,0.20,360.00,0.42,7.00,2.25,-5.80,7.50,92.40,41390.00
E05000401,Berrylands,R B of Kingston upon Thames,Conservative,Inner,81.20,8.30,1.10,2.30,36.20,0.20,344.00,0.52,7.00,2.78,-3.00,7.50,102.80,42330.00
E05000402,Beverley,R B of Kingston upon Thames,Conservative,Inner,81.30,15.80,1.40,2.90,67.80,0.50,373.00,0.67,11.00,2.84,1.80,7.50,117.90,40700.00
E05000403,Canbury,R B of Kingston upon Thames,Conservative,Inner,83.40,10.90,0.60,1.80,48.70,0.00,368.00,0.58,6.00,4.06,-5.00,7.50,75.10,45600.00
E05000404,Chessington North and Hook,R B of Kingston upon Thames,Conservative,Inner,83.70,23.10,1.20,2.60,49.60,0.20,338.00,0.78,12.00,2.40,-1.90,7.50,105.40,37230.00
E05000405,Chessington South,R B of Kingston upon Thames,Conservative,Inner,83.50,22.60,1.00,2.10,47.10,0.20,335.00,0.77,15.00,2.36,15.70,7.50,109.70,38310.00
E05000406,Coombe Hill,R B of Kingston upon Thames,Conservative,Inner,84.00,17.90,0.50,2.40,40.70,0.20,362.00,0.87,9.00,2.49,3.90,7.50,171.90,45650.00
E05000407,Coombe Vale,R B of Kingston upon Thames,Conservative,Inner,84.60,11.60,0.70,2.00,30.10,0.20,380.00,0.57,7.00,2.33,-5.10,7.50,77.30,44320.00
E05000408,Grove,R B of Kingston upon Thames,Conservative,Inner,83.10,14.50,1.10,2.10,118.40,0.80,333.00,0.64,10.00,4.21,0.10,7.50,240.70,41410.00
E05000409,Norbiton,R B of Kingston upon Thames,Labour,Inner,78.80,21.80,1.30,4.80,62.20,0.40,310.00,1.35,19.00,3.61,3.50,7.50,105.20,34650.00
E05000410,Old Malden,R B of Kingston upon Thames,Conservative,Inner,85.50,18.20,1.00,2.10,40.20,0.10,359.00,0.69,10.00,2.73,-0.50,7.50,82.20,41760.00
E05000411,St James,R B of Kingston upon Thames,Conservative,Inner,81.90,16.90,1.10,2.40,38.70,0.70,381.00,0.51,9.00,2.65,-1.70,7.50,116.80,41850.00
E05000412,St Mark's,R B of Kingston upon Thames,Conservative,Inner,83.00,8.70,0.40,2.90,72.60,0.30,365.00,0.53,6.00,3.70,-0.80,7.50,90.30,44930.00
E05000413,Surbiton Hill,R B of Kingston upon Thames,Conservative,Inner,81.10,11.10,0.90,1.70,36.20,0.40,380.00,0.55,9.00,3.28,-10.40,7.50,112.40,43160.00
E05000414,Tolworth and Hook Rise,R B of Kingston upon Thames,Conservative,Inner,83.50,17.30,0.60,2.60,46.40,0.40,336.00,0.70,12.00,2.26,-10.70,7.50,115.20,37840.00
E05000415,Tudor,R B of Kingston upon Thames,Conservative,Inner,85.90,12.10,0.40,1.90,36.20,0.20,380.00,0.52,6.00,2.29,2.10,7.50,65.30,48530.00
E05000416,Bishop's,Lambeth,Labour,Inner,80.90,21.90,1.90,6.60,58.20,0.00,340.00,1.14,22.00,7.58,-2.80,7.70,370.90,40360.00
E05000417,Brixton Hill,Lambeth,Labour,Inner,78.80,20.20,1.40,7.70,116.70,0.50,337.00,1.08,24.00,4.89,1.70,7.60,123.70,39050.00
E05000418,Clapham Common,Lambeth,Labour,Inner,80.70,21.70,1.40,3.80,128.80,0.60,338.00,0.96,17.00,4.10,-2.40,7.60,112.10,49520.00
E05000419,Clapham Town,Lambeth,Labour,Inner,77.40,22.60,1.60,5.00,202.70,0.60,346.00,0.97,22.00,5.07,-2.10,7.60,143.20,44960.00
E05000420,Coldharbour,Lambeth,Labour,Inner,80.80,21.40,2.30,14.80,189.60,0.50,330.00,1.26,35.00,5.44,-6.50,7.60,200.50,32220.00
E05000421,Ferndale,Lambeth,Labour,Inner,80.60,32.20,1.90,6.60,208.60,0.50,320.00,0.89,26.00,6.27,-2.70,7.60,141.40,39480.00
E05000422,Gipsy Hill,Lambeth,Labour,Inner,80.30,27.80,2.00,7.80,104.00,0.20,321.00,1.21,31.00,3.70,4.50,7.70,116.70,36650.00
E05000423,Herne Hill,Lambeth,Labour,Inner,81.40,18.70,2.00,8.20,84.30,0.30,335.00,1.10,18.00,4.53,-2.70,7.60,125.10,41700.00
E05000424,Knight's Hill,Lambeth,Labour,Inner,78.60,20.10,2.20,8.70,101.00,0.10,348.00,1.16,24.00,4.07,-3.50,7.70,121.20,36950.00
E05000425,Larkhall,Lambeth,Labour,Inner,78.00,29.90,1.60,7.10,145.00,0.30,335.00,1.06,30.00,5.19,2.40,7.70,124.40,37260.00
E05000426,Oval,Lambeth,Labour,Inner,80.20,25.50,1.70,6.00,127.00,0.10,332.00,0.89,28.00,6.87,-0.90,7.70,156.50,39200.00
E05000427,Prince's,Lambeth,Labour,Inner,81.10,26.90,2.40,8.90,106.80,0.10,351.00,0.85,26.00,6.30,-9.30,7.70,169.20,37600.00
E05000428,St Leonard's,Lambeth,Labour,Inner,82.80,20.10,1.70,7.20,133.50,0.20,355.00,1.29,18.00,5.89,-1.00,7.70,117.60,39880.00
E05000429,Stockwell,Lambeth,Labour,Inner,80.40,25.30,1.50,8.90,117.10,0.30,356.00,0.95,28.00,5.36,2.80,7.70,118.60,35050.00
E05000430,Streatham Hill,Lambeth,Labour,Inner,79.20,19.10,1.50,6.20,118.20,0.30,356.00,1.17,21.00,5.26,-3.20,7.70,103.50,39250.00
E05000431,Streatham South,Lambeth,Labour,Inner,82.80,24.30,1.50,7.40,87.40,0.30,350.00,1.08,21.00,4.05,2.00,7.70,105.00,36710.00
E05000432,Streatham Wells,Lambeth,Labour,Inner,79.40,22.10,1.50,5.80,90.20,0.10,361.00,1.26,22.00,4.45,-3.90,7.70,105.30,38270.00
E05000433,Thornton,Lambeth,Labour,Inner,84.40,26.00,1.20,5.70,83.50,0.10,359.00,1.08,22.00,3.54,-3.40,7.70,93.80,41880.00
E05000434,Thurlow Park,Lambeth,Labour,Inner,82.30,19.70,1.90,5.70,104.80,0.30,350.00,1.31,18.00,5.03,-6.00,7.70,108.30,41600.00
E05000435,Tulse Hill,Lambeth,Labour,Inner,81.10,27.70,1.60,10.60,122.80,0.30,330.00,1.22,29.00,4.36,-0.20,7.60,102.80,35610.00
E05000436,Vassall,Lambeth,Labour,Inner,81.90,29.30,2.60,11.10,121.50,0.30,338.00,1.16,30.00,4.40,-4.30,7.70,135.30,34830.00
E05000437,Bellingham,Lewisham,Labour,Inner,79.70,28.80,2.60,9.10,97.60,0.50,322.00,1.47,30.00,3.03,5.80,7.70,143.80,31340.00
E05000438,Blackheath,Lewisham,Labour,Inner,81.50,20.90,1.40,4.60,90.60,0.30,337.00,1.43,17.00,4.90,2.10,7.70,125.80,44870.00
E05000439,Brockley,Lewisham,Labour,Inner,79.70,25.60,1.70,8.30,118.90,0.40,326.00,1.41,22.00,5.85,-6.30,7.70,100.10,38100.00
E05000440,Catford South,Lewisham,Labour,Inner,81.10,22.70,1.90,6.50,60.40,0.10,341.00,1.03,17.00,3.27,-13.50,7.70,107.90,39070.00
E05000441,Crofton Park,Lewisham,Labour,Inner,83.30,20.80,1.70,6.10,74.40,0.70,317.00,1.01,15.00,4.07,-7.70,7.70,92.70,42560.00
E05000442,Downham,Lewisham,Labour,Inner,82.30,26.40,2.80,9.90,102.90,0.40,331.00,1.48,32.00,3.28,6.00,7.70,132.80,30880.00
E05000443,Evelyn,Lewisham,Labour,Inner,79.30,27.00,2.40,9.70,94.80,0.30,328.00,1.36,30.00,3.14,-5.10,7.70,101.30,30560.00
E05000444,Forest Hill,Lewisham,Labour,Inner,80.40,20.70,1.90,7.50,106.40,0.30,347.00,1.09,19.00,3.99,-3.90,7.70,98.70,40960.00
E05000445,Grove Park,Lewisham,Labour,Inner,80.60,24.20,2.40,6.90,72.80,0.50,345.00,1.51,22.00,3.19,-6.30,7.70,126.20,36150.00
E05000446,Ladywell,Lewisham,Labour,Inner,81.10,25.70,1.60,5.90,85.70,0.30,330.00,1.20,19.00,4.49,0.30,7.70,87.80,40290.00
E05000447,Lee Green,Lewisham,Labour,Inner,82.40,16.80,2.00,6.00,81.70,0.50,356.00,1.02,17.00,3.63,-3.60,7.70,101.90,42760.00
E05000448,Lewisham Central,Lewisham,Labour,Inner,78.10,26.00,2.40,8.00,124.00,0.30,333.00,1.29,25.00,5.16,-0.50,7.70,204.50,35760.00
E05000449,New Cross,Lewisham,Labour,Inner,76.00,28.10,1.80,9.70,134.70,0.80,333.00,1.19,28.00,4.44,-7.30,7.70,151.80,31520.00
E05000450,Perry Vale,Lewisham,Labour,Inner,82.30,23.40,1.90,7.00,85.70,0.40,336.00,1.08,23.00,3.42,-14.50,7.70,98.10,39130.00
E05000451,Rushey Green,Lewisham,Labour,Inner,81.30,20.70,2.70,9.00,113.30,0.40,320.00,1.13,23.00,5.15,2.30,7.70,173.00,34670.00
E05000452,Sydenham,Lewisham,Labour,Inner,78.60,26.20,2.10,8.00,92.30,0.40,322.00,1.35,26.00,4.11,-0.20,7.70,132.30,37060.00
E05000453,Telegraph Hill,Lewisham,Labour,Inner,81.50,23.00,2.00,8.50,82.40,0.30,349.00,0.84,23.00,5.21,-11.70,7.70,95.80,37230.00
E05000454,Whitefoot,Lewisham,Labour,Inner,83.00,25.30,2.20,8.80,98.90,0.30,331.00,1.44,27.00,2.80,1.30,7.70,107.70,32840.00
E05000455,Abbey,Merton,Labour,Outer,81.50,15.60,0.80,1.90,62.00,0.40,358.00,0.75,14.00,5.13,-0.80,7.50,106.50,45370.00
E05000456,Cannon Hill,Merton,Conservative,Outer,85.30,24.30,0.70,2.90,55.70,0.30,362.00,0.64,8.00,2.56,6.70,7.60,82.60,42320.00
E05000457,Colliers Wood,Merton,Labour,Outer,82.00,18.70,0.80,3.40,105.60,0.50,347.00,1.05,13.00,3.94,1.20,7.70,117.60,38780.00
E05000458,Cricket Green,Merton,Labour,Outer,80.20,23.80,2.00,10.10,56.70,0.70,339.00,1.21,24.00,2.92,8.60,7.70,159.10,29930.00
E05000459,Dundonald,Merton,Conservative,Outer,85.10,10.50,0.40,1.10,67.80,0.20,378.00,0.45,4.00,4.91,-2.20,7.50,69.20,49910.00
E05000460,Figge's Marsh,Merton,Labour,Outer,79.80,25.40,1.80,9.00,105.50,0.50,340.00,1.41,21.00,3.63,2.30,7.70,131.00,30860.00
E05000461,Graveney,Merton,Labour,Outer,83.40,25.70,0.90,6.50,75.10,0.10,347.00,0.96,11.00,3.40,-2.40,7.70,90.00,35580.00
E05000462,Hillside,Merton,Conservative,Outer,85.50,20.20,0.50,1.20,35.60,0.10,379.00,0.37,3.00,5.37,-8.60,7.50,104.00,51480.00
E05000463,Lavender Fields,Merton,Labour,Outer,81.70,22.40,1.10,5.60,76.60,0.20,347.00,1.56,21.00,2.67,-1.10,7.70,89.90,33360.00
E05000464,Longthornton,Merton,Labour,Outer,81.30,20.80,1.40,5.70,82.60,0.30,350.00,1.11,14.00,2.80,2.60,7.70,104.70,34350.00
E05000465,Lower Morden,Merton,Conservative,Outer,82.60,18.00,0.80,3.10,41.10,0.30,340.00,1.13,9.00,2.23,2.80,7.60,90.50,38730.00
E05000466,Merton Park,Merton,Conservative,Outer,85.10,12.60,0.60,2.50,58.00,0.40,386.00,0.37,7.00,3.85,1.00,7.60,106.60,46300.00
E05000467,Pollards Hill,Merton,Labour,Outer,82.00,24.00,1.40,8.00,88.40,1.40,346.00,1.24,22.00,2.59,9.60,7.70,106.10,31940.00
E05000468,Ravensbury,Merton,Labour,Outer,79.10,21.40,1.70,6.60,70.50,0.30,331.00,1.43,21.00,2.95,10.40,7.60,135.60,32330.00
E05000469,Raynes Park,Merton,Conservative,Outer,80.40,14.60,0.90,1.70,55.40,0.20,376.00,0.38,8.00,3.82,0.90,7.60,95.20,49340.00
E05000470,St Helier,Merton,Labour,Outer,80.40,22.30,1.90,6.10,60.30,0.30,357.00,1.17,19.00,3.12,8.00,7.60,111.10,32530.00
E05000471,Trinity,Merton,Conservative,Outer,81.60,19.20,0.70,2.60,87.60,0.50,350.00,0.81,9.00,3.95,5.30,7.50,116.40,47380.00
E05000472,Village,Merton,Conservative,Outer,85.40,20.20,0.30,0.90,48.70,0.00,375.00,0.57,1.00,2.37,9.90,7.50,100.70,62200.00
E05000473,West Barnes,Merton,Conservative,Outer,83.00,20.00,0.70,2.50,64.10,0.30,374.00,0.67,8.00,2.93,-0.20,7.60,93.70,44170.00
E05000474,Wimbledon Park,Merton,Conservative,Outer,84.70,12.80,0.80,1.90,53.70,0.20,398.00,0.53,7.00,3.06,1.20,7.50,74.50,50730.00
E05000475,Beckton,Newham,Labour,Outer,80.90,24.00,2.40,6.10,82.60,1.30,350.00,1.98,22.00,2.84,-1.30,8.20,127.90,34100.00
E05000476,Boleyn,Newham,Labour,Outer,82.90,27.30,2.00,9.30,94.50,1.40,335.00,1.49,21.00,4.05,-4.10,8.00,104.70,31630.00
E05000477,Canning Town North,Newham,Labour,Outer,79.60,29.00,2.60,14.20,90.80,1.70,326.00,1.89,31.00,4.73,-1.40,8.20,134.30,28910.00
E05000478,Canning Town South,Newham,Labour,Outer,79.10,27.50,1.60,8.70,98.40,0.90,326.00,1.78,29.00,3.57,-9.40,8.20,104.40,32870.00
E05000479,Custom House,Newham,Labour,Outer,76.80,24.70,2.50,9.00,148.90,1.40,329.00,1.66,26.00,3.15,3.50,8.20,132.30,31840.00
E05000480,East Ham Central,Newham,Labour,Outer,81.70,26.50,1.40,8.30,111.80,1.10,333.00,1.52,16.00,4.73,-5.00,8.00,142.50,32380.00
E05000481,East Ham North,Newham,Labour,Outer,78.60,22.50,1.90,9.10,71.00,0.80,334.00,1.48,19.00,4.39,-1.10,8.00,111.10,32340.00
E05000482,East Ham South,Newham,Labour,Outer,80.00,26.20,2.00,9.60,82.80,1.00,336.00,1.62,24.00,2.63,1.90,8.00,121.10,31430.00
E05000483,Forest Gate North,Newham,Labour,Outer,80.60,26.00,1.70,8.70,94.90,0.70,339.00,1.17,20.00,3.25,-2.10,7.60,94.30,34270.00
E05000484,Forest Gate South,Newham,Labour,Outer,77.80,26.90,2.10,9.80,103.10,1.40,337.00,1.20,21.00,3.91,-9.30,7.60,117.40,34550.00
E05000485,Green Street East,Newham,Labour,Outer,82.50,25.00,1.70,9.40,75.80,0.60,345.00,1.37,20.00,3.69,-6.60,8.00,94.70,31570.00
E05000486,Green Street West,Newham,Labour,Outer,81.70,22.90,1.70,9.70,77.30,0.70,343.00,1.21,19.00,3.97,-9.90,8.00,136.90,31080.00
E05000487,Little Ilford,Newham,Labour,Outer,78.80,27.20,2.20,11.80,85.10,0.70,339.00,1.02,23.00,2.69,11.00,8.00,127.00,29730.00
E05000488,Manor Park,Newham,Labour,Outer,78.90,24.70,1.90,10.70,79.60,1.00,338.00,1.16,21.00,4.01,0.00,8.00,117.80,31580.00
E05000489,Plaistow North,Newham,Labour,Outer,81.60,22.40,2.40,11.00,84.10,1.10,345.00,1.15,25.00,4.38,-6.10,8.00,118.80,30740.00
E05000490,Plaistow South,Newham,Labour,Outer,80.80,26.50,1.80,10.50,87.00,0.60,344.00,1.29,22.00,4.44,-3.10,8.00,153.00,31750.00
E05000491,Royal Docks,Newham,Labour,Outer,81.90,33.00,1.00,5.50,69.40,0.60,331.00,1.47,20.00,2.83,-2.70,8.20,98.60,38580.00
E05000492,Stratford and New Town,Newham,Labour,Outer,80.40,23.60,1.20,7.00,198.00,1.40,331.00,1.53,23.00,5.82,6.80,7.60,233.10,35840.00
E05000493,Wall End,Newham,Labour,Outer,81.00,26.40,1.50,8.10,66.40,0.50,326.00,1.81,19.00,3.74,-1.10,8.00,97.60,32330.00
E05000494,West Ham,Newham,Labour,Outer,81.00,26.40,2.00,10.40,81.30,1.10,342.00,1.38,27.00,4.72,6.10,7.60,115.00,32310.00
E05000495,Aldborough,Redbridge,Labour,Outer,80.20,22.00,1.70,5.10,83.90,0.30,367.00,0.76,12.00,2.67,6.80,7.80,130.30,37310.00
E05000496,Barkingside,Redbridge,Labour,Outer,86.10,20.50,1.40,4.00,72.50,0.20,377.00,0.86,9.00,3.20,-6.60,7.80,113.80,39620.00
E05000497,Bridge,Redbridge,Conservative,Outer,84.10,16.30,1.70,4.30,77.20,0.20,357.00,0.91,15.00,2.46,3.30,7.80,84.60,39320.00
E05000498,Chadwell,Redbridge,Labour,Outer,80.40,24.90,1.60,6.20,87.30,0.40,353.00,0.92,18.00,2.44,-13.70,7.80,105.10,36700.00
E05000499,Church End,Redbridge,Conservative,Outer,83.00,17.70,1.10,3.50,84.40,0.20,371.00,0.73,7.00,2.75,-8.20,7.80,81.90,45410.00
E05000500,Clayhall,Redbridge,Labour,Outer,84.40,22.60,1.30,3.70,54.10,0.20,383.00,0.81,6.00,2.33,4.70,7.80,103.80,41450.00
E05000501,Clementswood,Redbridge,Labour,Outer,81.30,21.90,1.70,9.30,119.60,0.80,346.00,1.47,20.00,3.36,-14.50,7.80,173.90,30230.00
E05000502,Cranbrook,Redbridge,Labour,Outer,81.10,21.20,1.50,4.90,84.40,0.20,368.00,1.38,11.00,3.77,6.70,7.80,114.60,38290.00
E05000503,Fairlop,Redbridge,Conservative,Outer,82.10,26.60,1.80,5.20,80.90,0.50,353.00,1.03,14.00,2.82,8.10,7.80,106.80,37560.00
E05000504,Fullwell,Redbridge,Conservative,Outer,84.50,27.70,2.00,5.70,77.20,0.20,362.00,0.93,17.00,2.35,4.10,7.80,118.40,35690.00
E05000505,Goodmayes,Redbridge,Labour,Outer,81.10,24.40,2.10,8.00,81.50,0.50,340.00,1.21,19.00,3.67,-10.30,7.80,113.20,33820.00
E05000506,Hainault,Redbridge,Labour,Outer,80.00,24.70,3.20,8.00,61.90,0.80,335.00,1.50,22.00,2.36,9.40,7.80,119.20,31520.00
E05000507,Loxford,Redbridge,Labour,Outer,78.80,25.60,2.00,10.80,97.00,0.50,340.00,1.63,25.00,3.37,-0.50,7.80,144.70,28500.00
E05000508,Mayfield,Redbridge,Labour,Outer,82.40,24.70,1.50,6.90,77.30,0.40,356.00,1.32,16.00,2.72,-1.90,7.80,99.30,35630.00
E05000509,Monkhams,Redbridge,Conservative,Outer,83.10,14.50,1.00,1.90,52.30,0.40,385.00,0.51,4.00,2.57,1.80,7.80,96.50,48780.00
E05000510,Newbury,Redbridge,Labour,Outer,84.10,22.20,1.60,6.10,64.40,0.20,364.00,0.84,15.00,3.13,-4.80,7.80,91.60,35550.00
E05000511,Roding,Redbridge,Labour,Outer,83.30,21.60,1.30,4.80,74.30,0.40,351.00,1.13,12.00,2.48,5.40,7.80,77.20,41040.00
E05000512,Seven Kings,Redbridge,Labour,Outer,81.60,25.90,2.00,7.50,86.90,0.60,347.00,1.09,16.00,3.11,0.00,7.80,139.30,34480.00
E05000513,Snaresbrook,Redbridge,Conservative,Outer,82.70,18.20,1.30,3.10,73.70,0.30,363.00,0.75,6.00,3.62,-2.90,7.80,132.80,45160.00
E05000514,Valentines,Redbridge,Labour,Outer,81.10,23.70,2.00,8.70,109.80,0.80,353.00,1.19,15.00,4.54,-6.50,7.80,141.40,34900.00
E05000515,Wanstead,Redbridge,Labour,Outer,83.00,19.60,1.40,3.00,111.90,0.30,367.00,1.00,9.00,2.50,12.20,7.80,91.90,46370.00
E05000516,Barnes,Richmond upon Thames,Conservative,Outer,85.30,19.80,1.00,2.20,69.40,0.10,344.00,1.11,6.00,3.35,11.10,7.60,89.90,55450.00
E05000517,East Sheen,Richmond upon Thames,Conservative,Outer,86.40,8.30,0.50,1.40,57.60,0.00,369.00,0.92,3.00,2.58,14.80,7.60,66.70,56090.00
E05000518,Fulwell and Hampton Hill,Richmond upon Thames,Conservative,Outer,82.40,6.30,1.10,2.00,47.20,0.40,373.00,0.53,6.00,3.18,-1.00,7.50,87.80,48810.00
E05000519,"Ham, Petersham and Richmond Riverside",Richmond upon Thames,Conservative,Outer,82.80,13.70,1.30,3.40,55.80,0.90,366.00,0.99,11.00,2.08,17.50,7.60,117.90,44870.00
E05000520,Hampton,Richmond upon Thames,Conservative,Outer,82.70,16.40,0.90,1.80,55.80,0.10,369.00,0.47,8.00,2.65,16.10,7.50,111.10,46750.00
E05000521,Hampton North,Richmond upon Thames,Conservative,Outer,82.60,18.50,1.90,2.80,66.10,0.50,330.00,0.83,17.00,2.15,2.10,7.50,115.50,39440.00
E05000522,Hampton Wick,Richmond upon Thames,Conservative,Outer,84.40,8.30,1.50,1.60,61.60,0.10,368.00,0.62,6.00,2.75,7.50,7.50,98.60,46760.00
E05000523,Heathfield,Richmond upon Thames,Conservative,Outer,82.70,18.80,1.80,3.50,63.00,0.50,347.00,1.03,14.00,2.02,1.70,7.50,106.60,36950.00
E05000524,Kew,Richmond upon Thames,Conservative,Outer,86.90,12.20,0.90,1.50,63.90,0.10,354.00,0.98,6.00,2.86,10.20,7.60,87.20,52130.00
E05000525,Mortlake and Barnes Common,Richmond upon Thames,Conservative,Outer,84.70,9.10,1.00,2.30,78.50,0.20,348.00,0.85,9.00,3.01,5.40,7.60,76.30,50100.00
E05000526,North Richmond,Richmond upon Thames,Conservative,Outer,85.90,13.20,1.40,2.00,67.10,0.00,357.00,0.89,7.00,4.40,6.60,7.60,91.60,50860.00
E05000527,St Margarets and North Twickenham,Richmond upon Thames,Conservative,Outer,85.40,9.70,0.60,1.50,61.00,0.40,387.00,0.63,3.00,3.14,2.60,7.50,78.80,52870.00
E05000528,South Richmond,Richmond upon Thames,Conservative,Outer,84.00,9.50,1.10,1.90,80.30,0.30,342.00,1.01,4.00,4.16,5.90,7.60,128.80,52690.00
E05000529,South Twickenham,Richmond upon Thames,Conservative,Outer,85.60,9.40,0.70,1.30,48.70,0.20,400.00,0.45,4.00,3.55,0.10,7.50,75.00,51380.00
E05000530,Teddington,Richmond upon Thames,Conservative,Outer,83.30,6.20,0.90,1.70,40.60,0.30,376.00,0.47,4.00,3.23,7.90,7.50,138.60,50600.00
E05000531,Twickenham Riverside,Richmond upon Thames,Conservative,Outer,82.90,7.40,0.80,1.30,66.10,0.20,381.00,0.77,3.00,4.55,4.10,7.50,103.70,51350.00
E05000532,West Twickenham,Richmond upon Thames,Conservative,Outer,83.60,12.50,1.00,1.90,62.30,0.20,380.00,0.63,7.00,2.74,8.10,7.50,93.00,45040.00
E05000533,Whitton,Richmond upon Thames,Conservative,Outer,82.60,12.40,1.10,2.60,58.80,0.10,364.00,0.93,9.00,2.45,-2.80,7.50,104.80,42230.00
E05000534,Brunswick Park,Southwark,Labour,Inner,80.20,25.40,2.70,10.30,96.80,0.50,345.00,1.29,25.00,4.13,-10.20,7.70,128.70,36310.00
E05000535,Camberwell Green,Southwark,Labour,Inner,77.40,25.60,2.80,11.70,118.00,0.20,348.00,1.11,27.00,5.61,-7.00,7.70,145.90,31840.00
E05000536,Cathedrals,Southwark,Labour,Inner,79.90,28.10,2.10,7.10,46.30,0.40,331.00,1.53,27.00,7.97,-13.00,7.70,233.10,40430.00
E05000537,Chaucer,Southwark,Labour,Inner,82.10,26.80,1.50,6.40,92.90,0.90,335.00,1.13,26.00,7.22,-12.10,7.70,132.80,37780.00
E05000538,College,Southwark,Labour,Inner,83.40,22.60,2.10,6.20,107.10,0.30,333.00,0.99,21.00,3.40,2.20,7.70,108.60,42600.00
E05000539,East Dulwich,Southwark,Labour,Inner,82.30,18.70,1.80,4.60,93.30,0.00,350.00,1.05,12.00,4.11,-10.10,7.70,106.20,48670.00
E05000540,East Walworth,Southwark,Labour,Inner,80.40,32.10,2.50,7.50,208.20,0.80,346.00,1.37,30.00,5.84,-2.20,7.70,206.50,31010.00
E05000541,Faraday,Southwark,Labour,Inner,81.60,30.10,2.20,10.60,112.30,1.70,334.00,1.20,29.00,4.66,0.20,7.70,122.50,30760.00
E05000542,Grange,Southwark,Labour,Inner,78.60,25.30,2.10,7.60,90.40,0.50,330.00,1.39,31.00,5.09,-15.00,8.00,198.70,38500.00
E05000543,Livesey,Southwark,Labour,Inner,81.80,28.80,2.30,12.90,100.90,1.00,344.00,1.28,31.00,4.34,-12.20,7.60,148.50,28880.00
E05000544,Newington,Southwark,Labour,Inner,81.10,28.70,2.60,7.70,125.70,0.30,342.00,1.30,28.00,5.76,-7.30,7.70,176.00,34190.00
E05000545,Nunhead,Southwark,Labour,Inner,77.70,25.90,3.40,11.60,98.10,0.70,343.00,1.05,29.00,4.82,-8.70,7.60,149.20,33540.00
E05000546,Peckham,Southwark,Labour,Inner,78.50,30.40,1.90,14.30,114.20,0.60,343.00,0.97,29.00,4.06,-8.70,7.60,144.60,30030.00
E05000547,Peckham Rye,Southwark,Labour,Inner,81.90,19.90,2.00,5.80,93.60,0.10,338.00,0.84,20.00,3.46,5.30,7.60,88.80,42820.00
E05000548,Riverside,Southwark,Labour,Inner,81.70,28.20,1.30,4.90,54.10,0.30,322.00,1.59,27.00,4.39,-8.30,8.00,133.20,43110.00
E05000549,Rotherhithe,Southwark,Labour,Inner,80.30,31.50,2.20,6.00,144.10,0.60,337.00,1.04,30.00,5.26,4.80,8.00,136.30,36970.00
E05000550,South Bermondsey,Southwark,Labour,Inner,81.50,30.10,2.30,8.70,118.30,0.30,343.00,1.44,30.00,3.65,-9.50,8.00,119.30,31150.00
E05000551,South Camberwell,Southwark,Labour,Inner,83.80,29.30,1.50,6.80,86.50,0.50,357.00,0.87,17.00,4.62,-12.40,7.70,86.70,41130.00
E05000552,Surrey Docks,Southwark,Conservative,Inner,80.40,25.80,1.20,3.50,103.70,0.30,341.00,1.39,20.00,2.87,-4.80,8.00,81.00,45410.00
E05000553,The Lane,Southwark,Labour,Inner,81.10,27.90,1.80,9.80,149.80,0.60,340.00,1.15,23.00,5.98,-5.60,7.60,153.30,37940.00
E05000554,Village,Southwark,Labour,Inner,84.80,10.30,1.00,2.80,88.30,0.20,381.00,0.44,6.00,4.12,0.70,7.70,69.80,58400.00
E05000555,Beddington North,Sutton,Conservative,Outer,83.30,20.60,1.20,3.60,51.90,1.10,359.00,0.93,9.00,2.63,9.60,7.80,97.90,39290.00
E05000556,Beddington South,Sutton,Conservative,Outer,82.30,24.10,2.20,6.10,82.20,0.90,352.00,1.45,24.00,2.00,2.40,7.80,105.90,35600.00
E05000557,Belmont,Sutton,Conservative,Outer,83.20,19.70,1.40,2.80,32.30,0.70,370.00,0.95,9.00,2.28,-12.30,7.80,123.90,44260.00
E05000558,Carshalton Central,Sutton,Conservative,Outer,83.50,14.10,1.20,3.20,62.90,0.60,380.00,0.76,10.00,3.28,-1.40,7.80,85.60,42200.00
E05000559,Carshalton South and Clockhouse,Sutton,Conservative,Outer,83.00,13.00,1.30,2.90,48.10,0.30,368.00,0.95,8.00,2.12,7.10,7.80,79.90,44270.00
E05000560,Cheam,Sutton,Conservative,Outer,82.90,13.10,0.70,1.90,38.90,0.70,400.00,0.58,5.00,2.17,-4.10,7.80,104.90,46220.00
E05000561,Nonsuch,Sutton,Conservative,Outer,86.20,11.60,0.60,1.80,54.60,0.70,373.00,0.55,6.00,2.29,-1.70,7.80,110.60,42640.00
E05000562,St Helier,Sutton,Labour,Outer,80.80,24.70,1.90,7.60,63.80,0.60,330.00,1.33,23.00,2.90,0.90,7.80,144.20,31040.00
E05000563,Stonecot,Sutton,Conservative,Outer,81.40,18.60,0.70,2.80,53.40,0.60,377.00,0.49,7.00,2.45,-2.10,7.80,80.00,39210.00
E05000564,Sutton Central,Sutton,Liberal Democrat,Outer,81.30,18.60,1.40,5.50,97.70,0.90,348.00,1.29,18.00,4.86,-11.70,7.80,196.80,35660.00
E05000565,Sutton North,Sutton,Conservative,Outer,82.90,20.00,0.80,3.50,64.50,0.60,369.00,0.84,12.00,3.34,-7.10,7.80,119.10,38060.00
E05000566,Sutton South,Sutton,Conservative,Outer,80.50,21.00,1.20,3.70,46.90,0.30,375.00,1.14,11.00,3.27,-18.50,7.80,148.30,40460.00
E05000567,Sutton West,Sutton,Conservative,Outer,81.90,20.10,0.90,2.40,45.60,0.00,377.00,0.83,7.00,3.53,-0.40,7.80,90.40,41610.00
E05000568,The Wrythe,Sutton,Conservative,Outer,80.00,21.50,1.10,4.10,72.40,0.30,363.00,0.95,16.00,2.64,-5.50,7.80,95.00,36790.00
E05000569,Wallington North,Sutton,Conservative,Outer,82.40,19.00,1.40,3.20,80.60,0.80,375.00,1.08,12.00,3.47,-2.50,7.80,102.80,38710.00
E05000570,Wallington South,Sutton,Conservative,Outer,82.60,21.00,1.90,4.40,67.10,0.70,378.00,0.85,14.00,3.36,-6.10,7.80,161.60,37960.00
E05000571,Wandle Valley,Sutton,Labour,Outer,79.90,20.20,1.80,6.40,71.70,1.60,315.00,1.41,23.00,2.39,6.90,7.80,108.80,32330.00
E05000572,Worcester Park,Sutton,Conservative,Outer,84.10,18.30,0.80,2.30,43.00,0.20,367.00,0.87,10.00,2.38,-0.70,7.80,94.50,40610.00
E05000573,Bethnal Green North,Tower Hamlets,Labour,Inner,78.20,26.90,2.10,12.50,128.00,1.40,343.00,0.98,37.00,6.00,3.30,7.80,137.20,36230.00
E05000574,Bethnal Green South,Tower Hamlets,Labour,Inner,79.30,23.30,2.10,10.40,140.80,1.70,338.00,0.98,33.00,6.79,5.80,7.80,135.00,32860.00
E05000575,Blackwall and Cubitt Town,Tower Hamlets,Labour,Inner,81.80,25.70,1.40,6.50,43.30,0.90,343.00,1.30,33.00,3.78,3.00,8.40,98.60,43330.00
E05000576,Bow East,Tower Hamlets,Labour,Inner,79.30,27.50,2.30,9.90,123.20,1.00,341.00,1.40,44.00,3.65,2.80,7.70,108.30,36800.00
E05000577,Bow West,Tower Hamlets,Labour,Inner,80.80,19.80,2.00,8.40,151.10,2.60,352.00,1.05,25.00,5.18,6.30,7.70,113.70,41000.00
E05000578,Bromley-by-Bow,Tower Hamlets,Labour,Inner,81.30,25.20,2.20,14.90,96.40,1.20,352.00,1.01,37.00,4.24,-1.10,7.70,100.00,31980.00
E05000579,East India and Lansbury,Tower Hamlets,Labour,Inner,78.20,25.90,2.90,18.70,104.00,1.80,323.00,1.11,39.00,3.52,0.80,8.40,129.80,29680.00
E05000580,Limehouse,Tower Hamlets,Labour,Inner,77.50,25.40,2.20,11.10,93.20,2.00,343.00,1.09,36.00,4.97,3.40,8.40,120.90,36260.00
E05000581,Mile End and Globe Town,Tower Hamlets,Labour,Inner,78.60,23.70,1.60,8.40,79.60,0.90,342.00,1.04,32.00,5.36,-1.00,7.80,135.50,34300.00
E05000582,Mile End East,Tower Hamlets,Labour,Inner,80.00,31.00,2.00,13.90,94.00,2.30,350.00,1.32,36.00,5.34,2.70,7.70,127.00,32510.00
E05000583,Millwall,Tower Hamlets,Labour,Inner,82.70,24.90,1.00,5.00,13.90,0.20,338.00,1.26,21.00,3.42,-4.60,8.40,106.00,46940.00
E05000584,St Dunstan's and Stepney Green,Tower Hamlets,Labour,Inner,78.90,26.80,2.20,11.60,83.40,1.90,347.00,1.00,32.00,5.36,5.90,8.10,133.20,32930.00
E05000585,St Katharine's and Wapping,Tower Hamlets,Labour,Inner,81.50,16.40,1.40,4.20,57.70,0.20,346.00,0.93,25.00,4.42,-2.10,8.10,104.50,50770.00
E05000586,Shadwell,Tower Hamlets,Labour,Inner,81.20,27.60,1.90,14.40,102.90,1.30,349.00,0.95,31.00,6.05,-3.90,8.10,106.80,36360.00
E05000587,Spitalfields and Banglatown,Tower Hamlets,Labour,Inner,79.80,23.70,1.70,10.80,82.80,0.40,344.00,0.94,30.00,6.88,-13.70,7.80,158.00,39910.00
E05000588,Weavers,Tower Hamlets,Labour,Inner,79.00,26.10,2.10,11.50,174.10,0.50,339.00,0.82,34.00,5.50,6.40,7.80,129.00,37760.00
E05000589,Whitechapel,Tower Hamlets,Labour,Inner,77.00,28.60,1.50,9.20,67.90,0.90,344.00,1.11,31.00,6.84,-9.20,8.10,153.40,37600.00
E05000590,Cann Hall,Waltham Forest,Labour,Outer,79.50,21.90,1.90,10.30,83.00,0.70,329.00,1.48,23.00,2.92,0.70,7.70,100.50,32700.00
E05000591,Cathall,Waltham Forest,Labour,Outer,81.50,23.60,2.50,12.90,87.20,0.50,337.00,1.54,24.00,4.35,4.20,7.70,117.20,30950.00
E05000592,Chapel End,Waltham Forest,Labour,Outer,83.40,23.60,1.30,8.00,82.60,0.60,337.00,0.95,19.00,2.93,5.30,7.80,105.70,36440.00
E05000593,Chingford Green,Waltham Forest,Conservative,Outer,82.10,17.20,1.70,4.80,84.00,0.40,347.00,0.97,19.00,2.79,8.20,7.80,144.00,39280.00
E05000594,Endlebury,Waltham Forest,Conservative,Outer,85.60,18.60,1.80,4.70,80.70,0.30,351.00,1.11,19.00,2.35,3.20,7.80,94.90,38580.00
E05000595,Forest,Waltham Forest,Labour,Outer,81.50,22.80,2.10,7.10,85.60,0.40,332.00,1.15,14.00,4.35,6.60,7.70,181.60,36080.00
E05000596,Grove Green,Waltham Forest,Labour,Outer,83.50,23.80,1.30,7.10,92.70,0.10,346.00,1.31,14.00,4.25,-5.10,7.70,97.00,36350.00
E05000597,Hale End and Highams Park,Waltham Forest,Labour,Outer,83.50,18.40,1.80,6.60,77.70,0.10,340.00,0.95,17.00,2.55,5.00,7.80,85.90,39490.00
E05000598,Hatch Lane,Waltham Forest,Conservative,Outer,80.40,17.60,2.40,6.50,81.50,0.80,357.00,1.20,22.00,2.50,3.30,7.80,129.30,36110.00
E05000599,High Street,Waltham Forest,Labour,Outer,82.60,23.90,1.60,8.10,188.60,0.80,346.00,1.21,23.00,4.37,18.30,7.80,144.90,34810.00
E05000600,Higham Hill,Waltham Forest,Labour,Outer,80.90,27.50,2.40,11.30,71.10,0.60,340.00,1.13,30.00,2.61,10.90,7.80,113.80,31270.00
E05000601,Hoe Street,Waltham Forest,Labour,Outer,79.70,24.70,2.60,11.60,126.60,0.60,333.00,1.14,22.00,5.19,0.70,7.80,123.50,34890.00
E05000602,Larkswood,Waltham Forest,Conservative,Outer,82.30,22.80,2.30,6.40,78.00,0.90,351.00,1.31,20.00,2.85,8.50,7.80,131.30,35170.00
E05000603,Lea Bridge,Waltham Forest,Labour,Outer,78.10,21.80,1.80,11.70,99.50,0.50,339.00,1.48,21.00,3.63,12.40,7.70,136.00,31450.00
E05000604,Leyton,Waltham Forest,Labour,Outer,80.50,19.50,2.70,12.50,97.00,0.50,322.00,1.46,26.00,3.83,8.30,7.70,118.50,31040.00
E05000605,Leytonstone,Waltham Forest,Labour,Outer,80.60,17.40,2.00,7.30,116.90,0.20,352.00,1.00,15.00,5.48,-3.00,7.70,103.80,38700.00
E05000606,Markhouse,Waltham Forest,Labour,Outer,81.20,25.10,2.00,11.30,107.80,0.60,348.00,1.34,22.00,4.19,7.80,7.80,118.40,33780.00
E05000607,Valley,Waltham Forest,Conservative,Outer,83.00,20.50,2.40,7.80,142.10,0.90,343.00,1.37,23.00,2.42,-0.40,7.80,113.00,34250.00
E05000608,William Morris,Waltham Forest,Labour,Outer,80.40,25.10,1.80,9.00,70.40,0.20,330.00,0.98,24.00,3.48,-0.10,7.80,103.90,35070.00
E05000609,Wood Street,Waltham Forest,Labour,Outer,80.20,21.80,2.40,9.70,97.00,0.10,340.00,1.02,23.00,3.66,1.70,7.80,107.80,35130.00
E05000610,Balham,Wandsworth,Conservative,Inner,84.60,12.30,1.00,2.30,117.70,0.20,370.00,0.72,7.00,4.74,-6.90,7.50,74.10,53420.00
E05000611,Bedford,Wandsworth,Labour,Inner,81.30,18.00,1.40,2.80,124.40,0.20,349.00,0.74,13.00,4.13,2.50,7.60,89.00,46410.00
E05000612,Earlsfield,Wandsworth,Conservative,Inner,81.90,21.90,1.40,3.00,70.10,0.20,352.00,1.00,17.00,3.90,1.30,7.60,85.10,44360.00
E05000613,East Putney,Wandsworth,Conservative,Inner,83.30,11.80,0.80,2.10,61.40,0.10,343.00,1.04,13.00,4.12,-7.10,8.00,84.60,49010.00
E05000614,Fairfield,Wandsworth,Conservative,Inner,80.80,21.30,1.00,2.40,98.00,0.00,345.00,1.06,13.00,5.49,-6.50,8.00,106.40,48590.00
E05000615,Furzedown,Wandsworth,Labour,Inner,82.40,20.00,1.70,6.40,69.10,0.10,357.00,0.90,20.00,3.19,-4.80,7.60,97.40,38240.00
E05000616,Graveney,Wandsworth,Labour,Inner,82.10,21.20,1.50,5.00,124.10,0.00,350.00,0.99,22.00,5.17,-9.40,7.60,125.60,37960.00
E05000617,Latchmere,Wandsworth,Labour,Inner,79.70,27.10,2.10,7.90,110.40,0.60,353.00,1.29,32.00,5.92,-1.60,7.50,127.30,34990.00
E05000618,Nightingale,Wandsworth,Conservative,Inner,79.40,18.50,1.30,2.70,99.80,0.30,357.00,0.73,10.00,5.40,-7.50,7.60,91.70,50790.00
E05000619,Northcote,Wandsworth,Conservative,Inner,84.90,10.40,0.80,2.30,137.20,0.10,343.00,0.81,5.00,5.28,-0.40,7.50,88.40,55810.00
E05000620,Queenstown,Wandsworth,Labour,Inner,82.10,25.60,1.20,4.70,71.60,0.50,322.00,1.16,28.00,4.39,2.50,7.50,114.80,39580.00
E05000621,Roehampton,Wandsworth,Labour,Inner,79.60,22.20,2.40,7.80,65.90,0.40,352.00,1.41,32.00,2.82,10.30,8.00,136.70,30320.00
E05000622,St Mary's Park,Wandsworth,Conservative,Inner,78.60,23.80,1.00,4.80,82.90,0.10,350.00,1.26,19.00,3.92,-1.00,7.50,115.90,44720.00
E05000623,Shaftesbury,Wandsworth,Conservative,Inner,81.50,26.60,1.30,2.80,117.40,0.20,341.00,1.00,14.00,5.52,-9.70,7.50,83.00,50410.00
E05000624,Southfields,Wandsworth,Conservative,Inner,83.20,17.30,0.80,2.60,81.60,0.20,367.00,0.68,11.00,3.71,-4.30,8.00,86.40,48160.00
E05000625,Thamesfield,Wandsworth,Conservative,Inner,85.90,11.70,0.60,1.30,99.50,0.00,363.00,0.76,5.00,4.53,3.90,8.00,81.70,55380.00
E05000626,Tooting,Wandsworth,Labour,Inner,81.10,21.00,1.20,5.60,61.30,0.20,354.00,0.89,22.00,5.11,-0.70,7.60,120.60,36000.00
E05000627,Wandsworth Common,Wandsworth,Conservative,Inner,80.60,16.70,1.00,2.00,74.80,1.10,357.00,0.82,7.00,2.71,3.40,7.60,90.90,51420.00
E05000628,West Hill,Wandsworth,Conservative,Inner,80.00,18.40,1.10,4.60,55.00,0.20,356.00,0.95,20.00,2.81,-1.20,8.00,94.10,40360.00
E05000629,West Putney,Wandsworth,Conservative,Inner,81.20,21.80,1.70,3.80,72.60,0.20,338.00,1.25,17.00,2.70,-4.60,8.00,138.80,43280.00
E05000630,Abbey Road,Westminster,Conservative,Inner,87.90,24.00,1.00,2.30,56.70,0.20,337.00,0.83,8.00,5.36,-1.10,8.00,107.90,52200.00
E05000631,Bayswater,Westminster,Conservative,Inner,84.50,20.20,2.20,4.20,130.60,0.00,360.00,1.31,12.00,6.51,3.40,7.90,99.90,49960.00
E05000632,Bryanston and Dorset Square,Westminster,Conservative,Inner,85.90,35.70,1.20,3.60,83.70,0.10,360.00,1.22,11.00,8.00,-7.10,7.90,146.20,51370.00
E05000633,Churchill,Westminster,Conservative,Inner,82.80,26.90,3.00,6.60,134.90,0.20,336.00,1.39,33.00,4.93,4.60,8.00,161.10,39530.00
E05000634,Church Street,Westminster,Labour,Inner,81.00,26.80,4.80,12.30,70.80,0.30,346.00,1.34,40.00,6.72,0.20,8.00,186.90,26290.00
E05000635,Harrow Road,Westminster,Labour,Inner,80.10,27.30,3.40,10.50,85.40,0.00,358.00,1.14,33.00,5.72,-11.50,8.00,128.40,35000.00
E05000636,Hyde Park,Westminster,Conservative,Inner,83.30,15.80,1.40,2.90,61.50,0.00,340.00,2.12,13.00,7.98,1.00,7.90,197.30,46880.00
E05000637,Knightsbridge and Belgravia,Westminster,Conservative,Inner,90.30,24.60,0.10,0.40,61.60,0.00,401.00,0.48,1.00,6.63,12.60,8.00,123.50,88330.00
E05000638,Lancaster Gate,Westminster,Conservative,Inner,85.70,22.10,1.30,3.30,157.40,0.10,379.00,1.49,14.00,7.65,-2.20,7.90,114.20,49290.00
E05000639,Little Venice,Westminster,Conservative,Inner,82.90,22.00,2.10,3.30,93.00,0.10,343.00,1.45,19.00,5.64,0.30,8.00,123.40,48770.00
E05000640,Maida Vale,Westminster,Conservative,Inner,83.50,23.70,2.10,4.70,97.30,0.30,360.00,1.01,28.00,5.19,8.90,8.00,94.00,45660.00
E05000641,Marylebone High Street,Westminster,Conservative,Inner,84.90,24.60,0.80,1.30,64.00,0.10,365.00,1.04,12.00,7.74,-1.80,7.90,195.20,58370.00
E05000642,Queen's Park,Westminster,Labour,Inner,80.00,26.80,3.00,13.30,71.90,0.00,353.00,1.21,37.00,5.04,-11.70,8.00,125.70,32260.00
E05000643,Regent's Park,Westminster,Conservative,Inner,85.40,21.70,1.90,2.40,61.50,0.10,362.00,1.26,13.00,5.22,16.90,8.00,161.60,46510.00
E05000644,St James's,Westminster,Conservative,Inner,84.00,24.20,2.20,5.90,63.60,0.30,355.00,0.82,19.00,7.60,8.10,8.00,810.20,52520.00
E05000645,Tachbrook,Westminster,Conservative,Inner,83.80,25.70,1.90,2.70,78.00,0.20,345.00,0.95,22.00,6.56,7.70,8.00,121.10,47340.00
E05000646,Vincent Square,Westminster,Conservative,Inner,82.50,22.20,2.60,4.20,33.10,0.20,359.00,0.81,21.00,6.91,9.50,8.00,164.10,46550.00
E05000647,Warwick,Westminster,Conservative,Inner,84.30,21.20,2.10,3.90,56.70,0.10,353.00,1.18,22.00,7.22,3.40,8.00,253.50,50250.00
E05000648,Westbourne,Westminster,Labour,Inner,78.30,26.60,4.40,9.40,83.80,0.20,365.00,1.20,41.00,4.91,5.60,8.00,161.60,32390.00
E05000649,West End,Westminster,Conservative,Inner,82.90,21.20,1.90,3.10,91.30,0.40,337.00,0.85,10.00,7.98,-5.00,8.00,611.20,54970.00